feature_set,valid_score,valid_trades,valid_pnl,valid_max_dd,oot_trades,oot_pnl,oot_max_dd,oot_win_rate,thresholds,params
vwap_no_side_flag,9.474669,26,3123.23,-328.64,8,3821.34,-812.13,0.625,"{""0"": 0.45, ""1"": 0.4, ""2"": 0.35}","{""bagging_fraction"": 0.85, ""feature_fraction"": 0.85, ""lambda_l2"": 5.0, ""learning_rate"": 0.03, ""min_data_in_leaf"": 80, ""num_leaves"": 15}"
vwap_no_side_flag,8.848612,28,2633.17,-296.58,10,5147.89,-265.89,0.8,"{""0"": 0.5, ""1"": 0.4, ""2"": 0.4}","{""bagging_fraction"": 0.85, ""feature_fraction"": 0.85, ""lambda_l2"": 5.0, ""learning_rate"": 0.03, ""min_data_in_leaf"": 20, ""num_leaves"": 31}"
vwap_no_side_flag,8.739105,29,2865.64,-326.91,11,1791.34,-621.34,0.5455,"{""0"": 0.45, ""1"": 0.5, ""2"": 0.5}","{""bagging_fraction"": 0.85, ""feature_fraction"": 0.85, ""lambda_l2"": 1.0, ""learning_rate"": 0.05, ""min_data_in_leaf"": 40, ""num_leaves"": 31}"
vwap_slope_deviation,7.73371,26,2549.34,-328.64,4,3381.05,0.0,1.0,"{""0"": 0.45, ""1"": 0.4, ""2"": 0.35}","{""bagging_fraction"": 0.85, ""feature_fraction"": 0.85, ""lambda_l2"": 5.0, ""learning_rate"": 0.02, ""min_data_in_leaf"": 40, ""num_leaves"": 15}"
vwap_no_side_flag,7.52712,25,2481.24,-328.64,6,3118.16,-638.43,0.6667,"{""0"": 0.45, ""1"": 0.4, ""2"": 0.35}","{""bagging_fraction"": 0.85, ""feature_fraction"": 0.85, ""lambda_l2"": 5.0, ""learning_rate"": 0.02, ""min_data_in_leaf"": 40, ""num_leaves"": 15}"
vwap_distance_deviation,7.285594,22,1206.64,-164.62,8,1865.65,-185.29,0.5,"{""0"": 0.45, ""1"": 0.45, ""2"": 0.55}","{""bagging_fraction"": 0.85, ""feature_fraction"": 0.85, ""lambda_l2"": 0.0, ""learning_rate"": 0.03, ""min_data_in_leaf"": 20, ""num_leaves"": 7}"
vwap_full,6.801215,34,2909.9,-426.85,12,5449.13,-904.32,0.5833,"{""0"": 0.45, ""1"": 0.4, ""2"": 0.35}","{""bagging_fraction"": 0.85, ""feature_fraction"": 0.85, ""lambda_l2"": 5.0, ""learning_rate"": 0.03, ""min_data_in_leaf"": 40, ""num_leaves"": 31}"
vwap_no_side_flag,6.656092,48,3296.23,-494.22,16,3247.79,-1508.57,0.5,"{""0"": 0.45, ""1"": 0.4, ""2"": 0.35}","{""bagging_fraction"": 0.85, ""feature_fraction"": 0.85, ""lambda_l2"": 1.0, ""learning_rate"": 0.05, ""min_data_in_leaf"": 80, ""num_leaves"": 15}"
vwap_full,6.387683,32,3069.09,-479.47,8,5044.52,-634.85,0.75,"{""0"": 0.45, ""1"": 0.4, ""2"": 0.35}","{""bagging_fraction"": 0.85, ""feature_fraction"": 0.85, ""lambda_l2"": 5.0, ""learning_rate"": 0.02, ""min_data_in_leaf"": 40, ""num_leaves"": 31}"
vwap_full,6.369555,20,2099.66,-328.64,5,3290.07,-466.52,0.8,"{""0"": 0.45, ""1"": 0.4, ""2"": 0.35}","{""bagging_fraction"": 0.85, ""feature_fraction"": 0.85, ""lambda_l2"": 5.0, ""learning_rate"": 0.02, ""min_data_in_leaf"": 80, ""num_leaves"": 31}"
vwap_slope_deviation,5.991315,38,2587.05,-430.8,15,4585.45,-437.6,0.5333,"{""0"": 0.5, ""1"": 0.45, ""2"": 0.4}","{""bagging_fraction"": 0.85, ""feature_fraction"": 0.85, ""lambda_l2"": 0.0, ""learning_rate"": 0.02, ""min_data_in_leaf"": 20, ""num_leaves"": 15}"
vwap_full,5.917522,32,2051.96,-345.76,15,6044.52,-634.85,0.6667,"{""0"": 0.45, ""1"": 0.4, ""2"": 0.35}","{""bagging_fraction"": 0.85, ""feature_fraction"": 0.85, ""lambda_l2"": 5.0, ""learning_rate"": 0.02, ""min_data_in_leaf"": 20, ""num_leaves"": 31}"
vwap_distance_deviation,5.620612,68,3415.14,-606.61,27,4408.87,-1741.86,0.4444,"{""0"": 0.45, ""1"": 0.4, ""2"": 0.35}","{""bagging_fraction"": 0.85, ""feature_fraction"": 0.85, ""lambda_l2"": 5.0, ""learning_rate"": 0.02, ""min_data_in_leaf"": 40, ""num_leaves"": 15}"
vwap_distance_deviation,5.551657,26,2294.5,-412.3,11,3001.28,-533.15,0.5455,"{""0"": 0.45, ""1"": 0.4, ""2"": 0.35}","{""bagging_fraction"": 0.85, ""feature_fraction"": 0.85, ""lambda_l2"": 1.0, ""learning_rate"": 0.05, ""min_data_in_leaf"": 20, ""num_leaves"": 15}"
vwap_no_side_flag,5.460256,47,2720.9,-497.31,17,4719.3,-316.72,0.7059,"{""0"": 0.45, ""1"": 0.55, ""2"": 0.5}","{""bagging_fraction"": 0.85, ""feature_fraction"": 0.85, ""lambda_l2"": 0.0, ""learning_rate"": 0.05, ""min_data_in_leaf"": 20, ""num_leaves"": 31}"
vwap_full,5.406838,22,1782.31,-328.64,6,3118.16,-638.43,0.6667,"{""0"": 0.45, ""1"": 0.4, ""2"": 0.35}","{""bagging_fraction"": 0.85, ""feature_fraction"": 0.85, ""lambda_l2"": 5.0, ""learning_rate"": 0.02, ""min_data_in_leaf"": 80, ""num_leaves"": 15}"
vwap_slope_deviation,5.127297,48,2692.6,-524.15,16,3911.54,-821.79,0.5625,"{""0"": 0.45, ""1"": 0.4, ""2"": 0.35}","{""bagging_fraction"": 0.85, ""feature_fraction"": 0.85, ""lambda_l2"": 0.0, ""learning_rate"": 0.05, ""min_data_in_leaf"": 80, ""num_leaves"": 31}"
vwap_distance_deviation,5.10104,50,1996.7,-390.43,20,6224.47,-619.51,0.6,"{""0"": 0.45, ""1"": 0.45, ""2"": 0.45}","{""bagging_fraction"": 0.85, ""feature_fraction"": 0.85, ""lambda_l2"": 0.0, ""learning_rate"": 0.02, ""min_data_in_leaf"": 40, ""num_leaves"": 31}"
vwap_no_side_flag,4.886945,55,3037.09,-620.47,23,4495.42,-1145.71,0.4783,"{""0"": 0.45, ""1"": 0.4, ""2"": 0.35}","{""bagging_fraction"": 0.85, ""feature_fraction"": 0.85, ""lambda_l2"": 0.0, ""learning_rate"": 0.02, ""min_data_in_leaf"": 40, ""num_leaves"": 31}"
vwap_distance_deviation,4.789121,65,2065.5,-430.29,23,3969.11,-840.68,0.4783,"{""0"": 0.45, ""1"": 0.45, ""2"": 0.4}","{""bagging_fraction"": 0.85, ""feature_fraction"": 0.85, ""lambda_l2"": 1.0, ""learning_rate"": 0.03, ""min_data_in_leaf"": 40, ""num_leaves"": 15}"
vwap_full,4.780035,74,2706.36,-565.18,20,5197.78,-900.74,0.55,"{""0"": 0.45, ""1"": 0.4, ""2"": 0.35}","{""bagging_fraction"": 0.85, ""feature_fraction"": 0.85, ""lambda_l2"": 5.0, ""learning_rate"": 0.03, ""min_data_in_leaf"": 20, ""num_leaves"": 31}"
vwap_distance_deviation,4.776644,69,2780.58,-581.12,23,5691.39,-619.51,0.5217,"{""0"": 0.45, ""1"": 0.5, ""2"": 0.4}","{""bagging_fraction"": 0.85, ""feature_fraction"": 0.85, ""lambda_l2"": 0.0, ""learning_rate"": 0.03, ""min_data_in_leaf"": 40, ""num_leaves"": 15}"
vwap_full,4.771886,20,1942.11,-405.99,3,-474.35,-477.93,0.3333,"{""0"": 0.45, ""1"": 0.4, ""2"": 0.35}","{""bagging_fraction"": 0.85, ""feature_fraction"": 0.85, ""lambda_l2"": 0.0, ""learning_rate"": 0.03, ""min_data_in_leaf"": 40, ""num_leaves"": 7}"
vwap_full,4.611709,108,3819.74,-827.27,36,4002.31,-1806.17,0.3611,"{""0"": 0.45, ""1"": 0.4, ""2"": 0.35}","{""bagging_fraction"": 0.85, ""feature_fraction"": 0.85, ""lambda_l2"": 1.0, ""learning_rate"": 0.02, ""min_data_in_leaf"": 40, ""num_leaves"": 31}"
vwap_no_side_flag,4.540305,41,2570.63,-565.18,15,6061.0,-900.74,0.6667,"{""0"": 0.45, ""1"": 0.4, ""2"": 0.35}","{""bagging_fraction"": 0.85, ""feature_fraction"": 0.85, ""lambda_l2"": 5.0, ""learning_rate"": 0.02, ""min_data_in_leaf"": 20, ""num_leaves"": 31}"
vwap_no_side_flag,4.489681,102,5157.88,-1147.83,37,6402.11,-912.34,0.4595,"{""0"": 0.45, ""1"": 0.55, ""2"": 0.4}","{""bagging_fraction"": 0.85, ""feature_fraction"": 0.85, ""lambda_l2"": 1.0, ""learning_rate"": 0.03, ""min_data_in_leaf"": 40, ""num_leaves"": 31}"
vwap_distance_deviation,4.473678,83,2709.17,-604.58,25,5211.62,-732.76,0.48,"{""0"": 0.5, ""1"": 0.4, ""2"": 0.4}","{""bagging_fraction"": 0.85, ""feature_fraction"": 0.85, ""lambda_l2"": 1.0, ""learning_rate"": 0.02, ""min_data_in_leaf"": 20, ""num_leaves"": 31}"
vwap_no_side_flag,4.438445,69,3031.68,-682.05,19,5802.2,-1073.56,0.5789,"{""0"": 0.5, ""1"": 0.5, ""2"": 0.4}","{""bagging_fraction"": 0.85, ""feature_fraction"": 0.85, ""lambda_l2"": 1.0, ""learning_rate"": 0.05, ""min_data_in_leaf"": 20, ""num_leaves"": 31}"
vwap_no_side_flag,4.271324,24,1303.48,-304.17,5,2322.5,-3.38,0.8,"{""0"": 0.45, ""1"": 0.4, ""2"": 0.4}","{""bagging_fraction"": 0.85, ""feature_fraction"": 0.85, ""lambda_l2"": 1.0, ""learning_rate"": 0.02, ""min_data_in_leaf"": 80, ""num_leaves"": 7}"
vwap_distance_deviation,4.264079,40,1744.52,-408.12,10,2728.73,-571.09,0.5,"{""0"": 0.45, ""1"": 0.4, ""2"": 0.35}","{""bagging_fraction"": 0.85, ""feature_fraction"": 0.85, ""lambda_l2"": 5.0, ""learning_rate"": 0.03, ""min_data_in_leaf"": 80, ""num_leaves"": 15}"
vwap_distance_deviation,4.256013,23,1610.22,-377.34,4,1876.79,-245.05,0.75,"{""0"": 0.45, ""1"": 0.4, ""2"": 0.35}","{""bagging_fraction"": 0.85, ""feature_fraction"": 0.85, ""lambda_l2"": 1.0, ""learning_rate"": 0.05, ""min_data_in_leaf"": 40, ""num_leaves"": 31}"
vwap_distance_deviation,4.213158,47,2086.44,-494.22,17,1030.65,-2153.16,0.3529,"{""0"": 0.45, ""1"": 0.45, ""2"": 0.4}","{""bagging_fraction"": 0.85, ""feature_fraction"": 0.85, ""lambda_l2"": 5.0, ""learning_rate"": 0.03, ""min_data_in_leaf"": 40, ""num_leaves"": 15}"
vwap_slope_deviation,4.20339,20,766.32,-181.31,9,989.83,-523.3,0.4444,"{""0"": 0.45, ""1"": 0.5, ""2"": 0.55}","{""bagging_fraction"": 0.85, ""feature_fraction"": 0.85, ""lambda_l2"": 0.0, ""learning_rate"": 0.03, ""min_data_in_leaf"": 20, ""num_leaves"": 31}"
vwap_full,4.177882,96,4504.76,-1077.24,38,6669.59,-571.55,0.4737,"{""0"": 0.45, ""1"": 0.55, ""2"": 0.5}","{""bagging_fraction"": 0.85, ""feature_fraction"": 0.85, ""lambda_l2"": 0.0, ""learning_rate"": 0.03, ""min_data_in_leaf"": 40, ""num_leaves"": 31}"
vwap_full,4.177729,90,2718.49,-649.71,29,4772.54,-1032.7,0.5172,"{""0"": 0.45, ""1"": 0.45, ""2"": 0.35}","{""bagging_fraction"": 0.85, ""feature_fraction"": 0.85, ""lambda_l2"": 1.0, ""learning_rate"": 0.03, ""min_data_in_leaf"": 40, ""num_leaves"": 31}"
vwap_full,4.113763,37,2139.28,-519.03,16,4924.14,-499.88,0.625,"{""0"": 0.5, ""1"": 0.4, ""2"": 0.4}","{""bagging_fraction"": 0.85, ""feature_fraction"": 0.85, ""lambda_l2"": 1.0, ""learning_rate"": 0.05, ""min_data_in_leaf"": 20, ""num_leaves"": 7}"
vwap_full,4.083207,123,3754.55,-918.51,33,7753.21,-1073.56,0.5455,"{""0"": 0.5, ""1"": 0.4, ""2"": 0.4}","{""bagging_fraction"": 0.85, ""feature_fraction"": 0.85, ""lambda_l2"": 0.0, ""learning_rate"": 0.05, ""min_data_in_leaf"": 40, ""num_leaves"": 15}"
vwap_distance_deviation,3.950051,71,1912.97,-483.29,25,5242.02,-713.04,0.52,"{""0"": 0.45, ""1"": 0.55, ""2"": 0.4}","{""bagging_fraction"": 0.85, ""feature_fraction"": 0.85, ""lambda_l2"": 1.0, ""learning_rate"": 0.05, ""min_data_in_leaf"": 20, ""num_leaves"": 31}"
vwap_slope_deviation,3.863032,52,1769.23,-456.99,24,6176.93,-966.05,0.5,"{""0"": 0.55, ""1"": 0.4, ""2"": 0.45}","{""bagging_fraction"": 0.85, ""feature_fraction"": 0.85, ""lambda_l2"": 1.0, ""learning_rate"": 0.05, ""min_data_in_leaf"": 20, ""num_leaves"": 31}"
vwap_distance_deviation,3.844445,62,2488.74,-646.36,22,5178.44,-900.74,0.5455,"{""0"": 0.45, ""1"": 0.45, ""2"": 0.35}","{""bagging_fraction"": 0.85, ""feature_fraction"": 0.85, ""lambda_l2"": 5.0, ""learning_rate"": 0.03, ""min_data_in_leaf"": 40, ""num_leaves"": 31}"
vwap_no_side_flag,3.841767,21,835.93,-216.59,7,1991.03,-182.78,0.5714,"{""0"": 0.5, ""1"": 0.4, ""2"": 0.5}","{""bagging_fraction"": 0.85, ""feature_fraction"": 0.85, ""lambda_l2"": 1.0, ""learning_rate"": 0.02, ""min_data_in_leaf"": 20, ""num_leaves"": 31}"
vwap_no_side_flag,3.782581,22,1873.21,-494.22,4,1870.4,-345.61,0.75,"{""0"": 0.45, ""1"": 0.4, ""2"": 0.35}","{""bagging_fraction"": 0.85, ""feature_fraction"": 0.85, ""lambda_l2"": 0.0, ""learning_rate"": 0.05, ""min_data_in_leaf"": 80, ""num_leaves"": 15}"
vwap_no_side_flag,3.782136,74,3015.8,-796.38,24,6216.09,-953.36,0.5417,"{""0"": 0.45, ""1"": 0.4, ""2"": 0.35}","{""bagging_fraction"": 0.85, ""feature_fraction"": 0.85, ""lambda_l2"": 5.0, ""learning_rate"": 0.05, ""min_data_in_leaf"": 80, ""num_leaves"": 15}"
vwap_no_side_flag,3.778775,28,2337.21,-617.51,7,4033.05,-812.13,0.7143,"{""0"": 0.45, ""1"": 0.4, ""2"": 0.35}","{""bagging_fraction"": 0.85, ""feature_fraction"": 0.85, ""lambda_l2"": 5.0, ""learning_rate"": 0.02, ""min_data_in_leaf"": 80, ""num_leaves"": 15}"
vwap_no_side_flag,3.724711,109,3516.5,-943.1,43,3486.28,-1306.0,0.4186,"{""0"": 0.45, ""1"": 0.5, ""2"": 0.4}","{""bagging_fraction"": 0.85, ""feature_fraction"": 0.85, ""lambda_l2"": 5.0, ""learning_rate"": 0.05, ""min_data_in_leaf"": 40, ""num_leaves"": 31}"
vwap_no_side_flag,3.675734,37,1205.31,-326.91,9,3470.55,-194.93,0.6667,"{""0"": 0.45, ""1"": 0.5, ""2"": 0.55}","{""bagging_fraction"": 0.85, ""feature_fraction"": 0.85, ""lambda_l2"": 1.0, ""learning_rate"": 0.02, ""min_data_in_leaf"": 40, ""num_leaves"": 31}"
vwap_slope_deviation,3.668379,31,1671.13,-454.55,10,3363.67,-477.4,0.5,"{""0"": 0.45, ""1"": 0.45, ""2"": 0.4}","{""bagging_fraction"": 0.85, ""feature_fraction"": 0.85, ""lambda_l2"": 1.0, ""learning_rate"": 0.02, ""min_data_in_leaf"": 20, ""num_leaves"": 15}"
vwap_distance_deviation,3.600301,37,2055.52,-569.93,13,4332.39,-477.93,0.6154,"{""0"": 0.45, ""1"": 0.4, ""2"": 0.35}","{""bagging_fraction"": 0.85, ""feature_fraction"": 0.85, ""lambda_l2"": 1.0, ""learning_rate"": 0.03, ""min_data_in_leaf"": 40, ""num_leaves"": 7}"
vwap_distance_deviation,3.571398,122,3693.79,-1033.27,44,2612.99,-2519.87,0.4091,"{""0"": 0.5, ""1"": 0.55, ""2"": 0.35}","{""bagging_fraction"": 0.85, ""feature_fraction"": 0.85, ""lambda_l2"": 0.0, ""learning_rate"": 0.05, ""min_data_in_leaf"": 20, ""num_leaves"": 31}"
vwap_slope_deviation,3.513271,72,3542.08,-1007.2,26,5908.47,-1102.4,0.4231,"{""0"": 0.45, ""1"": 0.4, ""2"": 0.35}","{""bagging_fraction"": 0.85, ""feature_fraction"": 0.85, ""lambda_l2"": 5.0, ""learning_rate"": 0.03, ""min_data_in_leaf"": 20, ""num_leaves"": 31}"
vwap_distance_deviation,3.506417,76,3068.01,-873.97,29,4538.05,-1565.63,0.4483,"{""0"": 0.45, ""1"": 0.4, ""2"": 0.35}","{""bagging_fraction"": 0.85, ""feature_fraction"": 0.85, ""lambda_l2"": 5.0, ""learning_rate"": 0.02, ""min_data_in_leaf"": 20, ""num_leaves"": 15}"
vwap_no_side_flag,3.495159,36,2425.78,-693.04,13,4451.96,-651.42,0.5385,"{""0"": 0.45, ""1"": 0.4, ""2"": 0.35}","{""bagging_fraction"": 0.85, ""feature_fraction"": 0.85, ""lambda_l2"": 5.0, ""learning_rate"": 0.05, ""min_data_in_leaf"": 40, ""num_leaves"": 15}"
vwap_full,3.459412,62,2573.56,-742.93,21,4465.01,-2249.34,0.5238,"{""0"": 0.45, ""1"": 0.4, ""2"": 0.35}","{""bagging_fraction"": 0.85, ""feature_fraction"": 0.85, ""lambda_l2"": 5.0, ""learning_rate"": 0.02, ""min_data_in_leaf"": 40, ""num_leaves"": 7}"
vwap_no_side_flag,3.423308,49,1766.29,-514.96,14,4473.58,-450.2,0.5714,"{""0"": 0.45, ""1"": 0.4, ""2"": 0.35}","{""bagging_fraction"": 0.85, ""feature_fraction"": 0.85, ""lambda_l2"": 5.0, ""learning_rate"": 0.03, ""min_data_in_leaf"": 20, ""num_leaves"": 7}"
vwap_distance_deviation,3.400789,60,2076.93,-609.72,21,4947.03,-1067.13,0.4286,"{""0"": 0.55, ""1"": 0.5, ""2"": 0.4}","{""bagging_fraction"": 0.85, ""feature_fraction"": 0.85, ""lambda_l2"": 5.0, ""learning_rate"": 0.03, ""min_data_in_leaf"": 20, ""num_leaves"": 31}"
vwap_no_side_flag,3.399555,56,1924.76,-565.18,18,5786.32,-515.99,0.6111,"{""0"": 0.45, ""1"": 0.45, ""2"": 0.35}","{""bagging_fraction"": 0.85, ""feature_fraction"": 0.85, ""lambda_l2"": 1.0, ""learning_rate"": 0.02, ""min_data_in_leaf"": 20, ""num_leaves"": 15}"
vwap_distance_deviation,3.394491,45,1464.01,-430.29,17,4983.4,-596.83,0.5294,"{""0"": 0.5, ""1"": 0.5, ""2"": 0.45}","{""bagging_fraction"": 0.85, ""feature_fraction"": 0.85, ""lambda_l2"": 0.0, ""learning_rate"": 0.05, ""min_data_in_leaf"": 40, ""num_leaves"": 31}"
vwap_no_side_flag,3.371231,56,2182.4,-646.36,19,5266.36,-900.74,0.5263,"{""0"": 0.45, ""1"": 0.45, ""2"": 0.35}","{""bagging_fraction"": 0.85, ""feature_fraction"": 0.85, ""lambda_l2"": 5.0, ""learning_rate"": 0.03, ""min_data_in_leaf"": 40, ""num_leaves"": 31}"
vwap_distance_deviation,3.33951,24,1342.65,-401.05,11,5762.75,-368.31,0.6364,"{""0"": 0.55, ""1"": 0.45, ""2"": 0.45}","{""bagging_fraction"": 0.85, ""feature_fraction"": 0.85, ""lambda_l2"": 1.0, ""learning_rate"": 0.03, ""min_data_in_leaf"": 20, ""num_leaves"": 7}"
vwap_no_side_flag,3.309431,40,2429.42,-733.09,9,5294.52,-305.8,0.6667,"{""0"": 0.45, ""1"": 0.4, ""2"": 0.35}","{""bagging_fraction"": 0.85, ""feature_fraction"": 0.85, ""lambda_l2"": 0.0, ""learning_rate"": 0.05, ""min_data_in_leaf"": 80, ""num_leaves"": 31}"
vwap_distance_deviation,3.262513,73,2122.95,-649.71,27,5250.79,-1007.77,0.4444,"{""0"": 0.55, ""1"": 0.5, ""2"": 0.4}","{""bagging_fraction"": 0.85, ""feature_fraction"": 0.85, ""lambda_l2"": 0.0, ""learning_rate"": 0.03, ""min_data_in_leaf"": 40, ""num_leaves"": 31}"
vwap_full,3.243745,25,1160.32,-356.71,12,5341.48,-900.74,0.75,"{""0"": 0.45, ""1"": 0.4, ""2"": 0.35}","{""bagging_fraction"": 0.85, ""feature_fraction"": 0.85, ""lambda_l2"": 5.0, ""learning_rate"": 0.02, ""min_data_in_leaf"": 20, ""num_leaves"": 15}"
vwap_distance_deviation,3.239129,40,2251.81,-694.19,10,2128.35,-986.2,0.4,"{""0"": 0.45, ""1"": 0.4, ""2"": 0.35}","{""bagging_fraction"": 0.85, ""feature_fraction"": 0.85, ""lambda_l2"": 1.0, ""learning_rate"": 0.05, ""min_data_in_leaf"": 80, ""num_leaves"": 15}"
vwap_slope_deviation,3.208493,28,1588.91,-494.22,8,4056.21,-477.6,0.75,"{""0"": 0.45, ""1"": 0.4, ""2"": 0.35}","{""bagging_fraction"": 0.85, ""feature_fraction"": 0.85, ""lambda_l2"": 5.0, ""learning_rate"": 0.02, ""min_data_in_leaf"": 20, ""num_leaves"": 15}"
vwap_distance_deviation,3.194305,35,1300.05,-405.99,11,3391.84,-368.31,0.6364,"{""0"": 0.45, ""1"": 0.45, ""2"": 0.4}","{""bagging_fraction"": 0.85, ""feature_fraction"": 0.85, ""lambda_l2"": 1.0, ""learning_rate"": 0.03, ""min_data_in_leaf"": 20, ""num_leaves"": 15}"
vwap_slope_deviation,3.149237,75,3031.33,-961.56,25,3266.81,-1218.63,0.44,"{""0"": 0.55, ""1"": 0.55, ""2"": 0.4}","{""bagging_fraction"": 0.85, ""feature_fraction"": 0.85, ""lambda_l2"": 1.0, ""learning_rate"": 0.02, ""min_data_in_leaf"": 40, ""num_leaves"": 31}"
vwap_full,3.120987,48,1939.6,-620.47,15,6473.99,-573.68,0.7333,"{""0"": 0.45, ""1"": 0.45, ""2"": 0.35}","{""bagging_fraction"": 0.85, ""feature_fraction"": 0.85, ""lambda_l2"": 0.0, ""learning_rate"": 0.02, ""min_data_in_leaf"": 20, ""num_leaves"": 15}"
vwap_distance_deviation,3.07573,64,2519.73,-818.23,24,5084.48,-900.74,0.5417,"{""0"": 0.45, ""1"": 0.45, ""2"": 0.35}","{""bagging_fraction"": 0.85, ""feature_fraction"": 0.85, ""lambda_l2"": 5.0, ""learning_rate"": 0.03, ""min_data_in_leaf"": 80, ""num_leaves"": 31}"
vwap_no_side_flag,3.040626,47,1812.0,-594.93,13,5356.23,-305.8,0.6923,"{""0"": 0.5, ""1"": 0.5, ""2"": 0.4}","{""bagging_fraction"": 0.85, ""feature_fraction"": 0.85, ""lambda_l2"": 0.0, ""learning_rate"": 0.05, ""min_data_in_leaf"": 80, ""num_leaves"": 7}"
vwap_no_side_flag,3.009741,26,1983.66,-658.08,7,913.31,-477.93,0.5714,"{""0"": 0.45, ""1"": 0.4, ""2"": 0.35}","{""bagging_fraction"": 0.85, ""feature_fraction"": 0.85, ""lambda_l2"": 0.0, ""learning_rate"": 0.02, ""min_data_in_leaf"": 20, ""num_leaves"": 7}"
vwap_slope_deviation,3.004768,26,1550.34,-514.96,9,5500.2,-211.71,0.8889,"{""0"": 0.45, ""1"": 0.4, ""2"": 0.35}","{""bagging_fraction"": 0.85, ""feature_fraction"": 0.85, ""lambda_l2"": 1.0, ""learning_rate"": 0.03, ""min_data_in_leaf"": 40, ""num_leaves"": 7}"
vwap_distance_deviation,3.00321,28,1075.84,-357.23,10,2449.47,-465.27,0.5,"{""0"": 0.45, ""1"": 0.4, ""2"": 0.4}","{""bagging_fraction"": 0.85, ""feature_fraction"": 0.85, ""lambda_l2"": 0.0, ""learning_rate"": 0.02, ""min_data_in_leaf"": 40, ""num_leaves"": 7}"
vwap_full,3.000907,26,893.01,-296.58,11,2747.03,-545.24,0.6364,"{""0"": 0.45, ""1"": 0.5, ""2"": 0.45}","{""bagging_fraction"": 0.85, ""feature_fraction"": 0.85, ""lambda_l2"": 0.0, ""learning_rate"": 0.05, ""min_data_in_leaf"": 20, ""num_leaves"": 15}"
vwap_distance_deviation,2.990848,44,1532.72,-511.47,17,3778.9,-1037.33,0.4706,"{""0"": 0.45, ""1"": 0.45, ""2"": 0.4}","{""bagging_fraction"": 0.85, ""feature_fraction"": 0.85, ""lambda_l2"": 5.0, ""learning_rate"": 0.03, ""min_data_in_leaf"": 20, ""num_leaves"": 15}"
vwap_no_side_flag,2.970202,52,1932.74,-649.71,17,6172.28,-609.5,0.6471,"{""0"": 0.55, ""1"": 0.5, ""2"": 0.4}","{""bagging_fraction"": 0.85, ""feature_fraction"": 0.85, ""lambda_l2"": 1.0, ""learning_rate"": 0.05, ""min_data_in_leaf"": 20, ""num_leaves"": 15}"
vwap_slope_deviation,2.9528,36,1201.76,-405.99,13,4444.55,-437.6,0.5385,"{""0"": 0.5, ""1"": 0.45, ""2"": 0.4}","{""bagging_fraction"": 0.85, ""feature_fraction"": 0.85, ""lambda_l2"": 1.0, ""learning_rate"": 0.03, ""min_data_in_leaf"": 20, ""num_leaves"": 15}"
vwap_slope_deviation,2.895483,39,1611.51,-555.56,15,5914.72,-374.68,0.6667,"{""0"": 0.45, ""1"": 0.4, ""2"": 0.4}","{""bagging_fraction"": 0.85, ""feature_fraction"": 0.85, ""lambda_l2"": 5.0, ""learning_rate"": 0.02, ""min_data_in_leaf"": 20, ""num_leaves"": 31}"
vwap_no_side_flag,2.882324,77,2761.67,-957.14,23,4452.31,-1383.49,0.4783,"{""0"": 0.45, ""1"": 0.45, ""2"": 0.35}","{""bagging_fraction"": 0.85, ""feature_fraction"": 0.85, ""lambda_l2"": 1.0, ""learning_rate"": 0.03, ""min_data_in_leaf"": 40, ""num_leaves"": 15}"
vwap_no_side_flag,2.881681,31,1631.55,-565.18,15,6072.09,-634.85,0.6667,"{""0"": 0.45, ""1"": 0.4, ""2"": 0.35}","{""bagging_fraction"": 0.85, ""feature_fraction"": 0.85, ""lambda_l2"": 5.0, ""learning_rate"": 0.02, ""min_data_in_leaf"": 20, ""num_leaves"": 15}"
vwap_full,2.865478,66,2458.58,-857.0,20,5627.26,-717.42,0.6,"{""0"": 0.45, ""1"": 0.45, ""2"": 0.35}","{""bagging_fraction"": 0.85, ""feature_fraction"": 0.85, ""lambda_l2"": 1.0, ""learning_rate"": 0.05, ""min_data_in_leaf"": 40, ""num_leaves"": 15}"
vwap_full,2.853136,22,1412.93,-494.22,6,3043.12,-96.95,0.8333,"{""0"": 0.45, ""1"": 0.4, ""2"": 0.35}","{""bagging_fraction"": 0.85, ""feature_fraction"": 0.85, ""lambda_l2"": 5.0, ""learning_rate"": 0.03, ""min_data_in_leaf"": 40, ""num_leaves"": 7}"
vwap_full,2.833256,28,1713.27,-603.7,9,4541.01,-123.26,0.7778,"{""0"": 0.45, ""1"": 0.4, ""2"": 0.4}","{""bagging_fraction"": 0.85, ""feature_fraction"": 0.85, ""lambda_l2"": 1.0, ""learning_rate"": 0.03, ""min_data_in_leaf"": 80, ""num_leaves"": 15}"
vwap_full,2.826203,52,2111.23,-746.02,16,4556.47,-732.41,0.5625,"{""0"": 0.45, ""1"": 0.4, ""2"": 0.35}","{""bagging_fraction"": 0.85, ""feature_fraction"": 0.85, ""lambda_l2"": 1.0, ""learning_rate"": 0.05, ""min_data_in_leaf"": 80, ""num_leaves"": 31}"
vwap_no_side_flag,2.814283,99,2574.14,-913.67,28,4070.49,-1831.19,0.4286,"{""0"": 0.45, ""1"": 0.4, ""2"": 0.35}","{""bagging_fraction"": 0.85, ""feature_fraction"": 0.85, ""lambda_l2"": 1.0, ""learning_rate"": 0.02, ""min_data_in_leaf"": 40, ""num_leaves"": 15}"
vwap_slope_deviation,2.813915,64,2185.68,-775.74,20,4493.21,-609.5,0.55,"{""0"": 0.45, ""1"": 0.4, ""2"": 0.35}","{""bagging_fraction"": 0.85, ""feature_fraction"": 0.85, ""lambda_l2"": 0.0, ""learning_rate"": 0.03, ""min_data_in_leaf"": 20, ""num_leaves"": 7}"
vwap_slope_deviation,2.803721,75,2303.93,-820.74,22,4752.38,-1214.63,0.4545,"{""0"": 0.5, ""1"": 0.4, ""2"": 0.4}","{""bagging_fraction"": 0.85, ""feature_fraction"": 0.85, ""lambda_l2"": 1.0, ""learning_rate"": 0.03, ""min_data_in_leaf"": 40, ""num_leaves"": 15}"
vwap_full,2.798564,24,970.43,-345.76,12,3429.79,-667.91,0.5,"{""0"": 0.55, ""1"": 0.5, ""2"": 0.45}","{""bagging_fraction"": 0.85, ""feature_fraction"": 0.85, ""lambda_l2"": 1.0, ""learning_rate"": 0.02, ""min_data_in_leaf"": 40, ""num_leaves"": 15}"
vwap_no_side_flag,2.760602,57,2063.55,-746.5,15,3002.05,-900.74,0.5333,"{""0"": 0.5, ""1"": 0.45, ""2"": 0.4}","{""bagging_fraction"": 0.85, ""feature_fraction"": 0.85, ""lambda_l2"": 5.0, ""learning_rate"": 0.05, ""min_data_in_leaf"": 20, ""num_leaves"": 31}"
vwap_no_side_flag,2.753801,49,1865.37,-676.38,14,5105.61,-477.93,0.7143,"{""0"": 0.45, ""1"": 0.45, ""2"": 0.35}","{""bagging_fraction"": 0.85, ""feature_fraction"": 0.85, ""lambda_l2"": 0.0, ""learning_rate"": 0.02, ""min_data_in_leaf"": 20, ""num_leaves"": 15}"
vwap_distance_deviation,2.725447,52,2428.21,-889.94,20,5274.66,-640.0,0.5,"{""0"": 0.55, ""1"": 0.5, ""2"": 0.4}","{""bagging_fraction"": 0.85, ""feature_fraction"": 0.85, ""lambda_l2"": 0.0, ""learning_rate"": 0.05, ""min_data_in_leaf"": 80, ""num_leaves"": 7}"
vwap_no_side_flag,2.710327,79,1683.33,-620.08,27,5697.17,-619.51,0.5185,"{""0"": 0.45, ""1"": 0.45, ""2"": 0.45}","{""bagging_fraction"": 0.85, ""feature_fraction"": 0.85, ""lambda_l2"": 0.0, ""learning_rate"": 0.03, ""min_data_in_leaf"": 20, ""num_leaves"": 31}"
vwap_distance_deviation,2.67009,95,2976.75,-1113.85,32,6136.79,-1311.22,0.4688,"{""0"": 0.45, ""1"": 0.4, ""2"": 0.35}","{""bagging_fraction"": 0.85, ""feature_fraction"": 0.85, ""lambda_l2"": 5.0, ""learning_rate"": 0.02, ""min_data_in_leaf"": 20, ""num_leaves"": 31}"
vwap_distance_deviation,2.641573,44,1308.16,-494.22,13,3260.89,-649.31,0.4615,"{""0"": 0.45, ""1"": 0.4, ""2"": 0.4}","{""bagging_fraction"": 0.85, ""feature_fraction"": 0.85, ""lambda_l2"": 5.0, ""learning_rate"": 0.02, ""min_data_in_leaf"": 40, ""num_leaves"": 31}"
vwap_full,2.625046,23,865.32,-328.64,6,3118.16,-638.43,0.6667,"{""0"": 0.45, ""1"": 0.4, ""2"": 0.35}","{""bagging_fraction"": 0.85, ""feature_fraction"": 0.85, ""lambda_l2"": 5.0, ""learning_rate"": 0.02, ""min_data_in_leaf"": 40, ""num_leaves"": 15}"
vwap_full,2.61777,33,1907.15,-727.54,14,4689.44,-1087.68,0.5714,"{""0"": 0.45, ""1"": 0.4, ""2"": 0.35}","{""bagging_fraction"": 0.85, ""feature_fraction"": 0.85, ""lambda_l2"": 0.0, ""learning_rate"": 0.03, ""min_data_in_leaf"": 80, ""num_leaves"": 31}"
vwap_slope_deviation,2.599969,27,1323.67,-508.11,4,1569.19,-456.76,0.5,"{""0"": 0.45, ""1"": 0.4, ""2"": 0.35}","{""bagging_fraction"": 0.85, ""feature_fraction"": 0.85, ""lambda_l2"": 5.0, ""learning_rate"": 0.03, ""min_data_in_leaf"": 80, ""num_leaves"": 15}"
vwap_full,2.599404,46,2031.98,-780.71,19,4263.04,-439.98,0.4737,"{""0"": 0.55, ""1"": 0.5, ""2"": 0.45}","{""bagging_fraction"": 0.85, ""feature_fraction"": 0.85, ""lambda_l2"": 0.0, ""learning_rate"": 0.02, ""min_data_in_leaf"": 20, ""num_leaves"": 31}"
vwap_no_side_flag,2.577891,169,4068.35,-1577.17,54,6285.22,-1086.03,0.463,"{""0"": 0.45, ""1"": 0.5, ""2"": 0.35}","{""bagging_fraction"": 0.85, ""feature_fraction"": 0.85, ""lambda_l2"": 0.0, ""learning_rate"": 0.03, ""min_data_in_leaf"": 40, ""num_leaves"": 31}"
vwap_no_side_flag,2.573297,55,1743.1,-676.38,19,5197.46,-477.93,0.6316,"{""0"": 0.45, ""1"": 0.4, ""2"": 0.35}","{""bagging_fraction"": 0.85, ""feature_fraction"": 0.85, ""lambda_l2"": 0.0, ""learning_rate"": 0.03, ""min_data_in_leaf"": 20, ""num_leaves"": 7}"
vwap_slope_deviation,2.568114,66,2349.49,-913.87,23,4945.5,-1461.26,0.4783,"{""0"": 0.45, ""1"": 0.4, ""2"": 0.35}","{""bagging_fraction"": 0.85, ""feature_fraction"": 0.85, ""lambda_l2"": 0.0, ""learning_rate"": 0.02, ""min_data_in_leaf"": 40, ""num_leaves"": 7}"
vwap_full,2.54566,81,1540.99,-604.34,24,5066.02,-1162.89,0.5,"{""0"": 0.5, ""1"": 0.4, ""2"": 0.4}","{""bagging_fraction"": 0.85, ""feature_fraction"": 0.85, ""lambda_l2"": 0.0, ""learning_rate"": 0.03, ""min_data_in_leaf"": 40, ""num_leaves"": 15}"
vwap_no_side_flag,2.489208,41,1686.14,-676.38,11,3857.98,-305.8,0.6364,"{""0"": 0.5, ""1"": 0.45, ""2"": 0.4}","{""bagging_fraction"": 0.85, ""feature_fraction"": 0.85, ""lambda_l2"": 1.0, ""learning_rate"": 0.05, ""min_data_in_leaf"": 40, ""num_leaves"": 7}"
vwap_slope_deviation,2.47538,60,2247.62,-906.99,20,3499.22,-1294.16,0.45,"{""0"": 0.5, ""1"": 0.5, ""2"": 0.4}","{""bagging_fraction"": 0.85, ""feature_fraction"": 0.85, ""lambda_l2"": 0.0, ""learning_rate"": 0.03, ""min_data_in_leaf"": 40, ""num_leaves"": 15}"
vwap_distance_deviation,2.44914,50,1593.68,-649.71,15,5463.54,-473.57,0.5333,"{""0"": 0.45, ""1"": 0.45, ""2"": 0.4}","{""bagging_fraction"": 0.85, ""feature_fraction"": 0.85, ""lambda_l2"": 5.0, ""learning_rate"": 0.05, ""min_data_in_leaf"": 40, ""num_leaves"": 15}"
vwap_no_side_flag,2.445486,63,1612.48,-658.37,20,6928.96,-587.66,0.65,"{""0"": 0.45, ""1"": 0.5, ""2"": 0.4}","{""bagging_fraction"": 0.85, ""feature_fraction"": 0.85, ""lambda_l2"": 1.0, ""learning_rate"": 0.03, ""min_data_in_leaf"": 20, ""num_leaves"": 31}"
vwap_no_side_flag,2.43772,68,2546.93,-1043.8,23,5369.73,-1461.26,0.5217,"{""0"": 0.45, ""1"": 0.4, ""2"": 0.35}","{""bagging_fraction"": 0.85, ""feature_fraction"": 0.85, ""lambda_l2"": 1.0, ""learning_rate"": 0.02, ""min_data_in_leaf"": 20, ""num_leaves"": 7}"
vwap_slope_deviation,2.425509,80,2546.93,-1049.06,26,3314.63,-1156.61,0.5385,"{""0"": 0.5, ""1"": 0.55, ""2"": 0.4}","{""bagging_fraction"": 0.85, ""feature_fraction"": 0.85, ""lambda_l2"": 0.0, ""learning_rate"": 0.05, ""min_data_in_leaf"": 20, ""num_leaves"": 31}"
vwap_full,2.423892,20,1200.36,-494.22,4,1975.04,0.0,1.0,"{""0"": 0.45, ""1"": 0.4, ""2"": 0.35}","{""bagging_fraction"": 0.85, ""feature_fraction"": 0.85, ""lambda_l2"": 5.0, ""learning_rate"": 0.03, ""min_data_in_leaf"": 20, ""num_leaves"": 7}"
vwap_no_side_flag,2.421513,50,1626.07,-670.51,19,5581.83,-720.48,0.5789,"{""0"": 0.5, ""1"": 0.5, ""2"": 0.4}","{""bagging_fraction"": 0.85, ""feature_fraction"": 0.85, ""lambda_l2"": 5.0, ""learning_rate"": 0.05, ""min_data_in_leaf"": 40, ""num_leaves"": 7}"
vwap_slope_deviation,2.404082,31,1672.76,-694.8,8,2768.14,-474.14,0.625,"{""0"": 0.45, ""1"": 0.4, ""2"": 0.35}","{""bagging_fraction"": 0.85, ""feature_fraction"": 0.85, ""lambda_l2"": 1.0, ""learning_rate"": 0.05, ""min_data_in_leaf"": 80, ""num_leaves"": 15}"
vwap_slope_deviation,2.40279,57,2065.39,-858.58,21,5342.96,-1329.69,0.5238,"{""0"": 0.45, ""1"": 0.4, ""2"": 0.35}","{""bagging_fraction"": 0.85, ""feature_fraction"": 0.85, ""lambda_l2"": 1.0, ""learning_rate"": 0.02, ""min_data_in_leaf"": 20, ""num_leaves"": 7}"
vwap_no_side_flag,2.393485,73,2194.85,-916.01,20,5136.89,-900.74,0.55,"{""0"": 0.45, ""1"": 0.45, ""2"": 0.35}","{""bagging_fraction"": 0.85, ""feature_fraction"": 0.85, ""lambda_l2"": 1.0, ""learning_rate"": 0.03, ""min_data_in_leaf"": 20, ""num_leaves"": 15}"
vwap_distance_deviation,2.391187,31,974.6,-406.58,15,5265.05,-465.27,0.5333,"{""0"": 0.55, ""1"": 0.5, ""2"": 0.5}","{""bagging_fraction"": 0.85, ""feature_fraction"": 0.85, ""lambda_l2"": 0.0, ""learning_rate"": 0.02, ""min_data_in_leaf"": 20, ""num_leaves"": 31}"
vwap_no_side_flag,2.379861,69,2062.53,-865.66,23,4373.07,-1399.07,0.4348,"{""0"": 0.45, ""1"": 0.4, ""2"": 0.35}","{""bagging_fraction"": 0.85, ""feature_fraction"": 0.85, ""lambda_l2"": 5.0, ""learning_rate"": 0.03, ""min_data_in_leaf"": 20, ""num_leaves"": 15}"
vwap_no_side_flag,2.372101,51,1543.55,-649.71,16,4441.36,-434.22,0.5625,"{""0"": 0.5, ""1"": 0.5, ""2"": 0.4}","{""bagging_fraction"": 0.85, ""feature_fraction"": 0.85, ""lambda_l2"": 1.0, ""learning_rate"": 0.05, ""min_data_in_leaf"": 40, ""num_leaves"": 15}"
vwap_distance_deviation,2.352704,65,1491.92,-633.13,24,5135.7,-900.74,0.5417,"{""0"": 0.45, ""1"": 0.55, ""2"": 0.4}","{""bagging_fraction"": 0.85, ""feature_fraction"": 0.85, ""lambda_l2"": 0.0, ""learning_rate"": 0.03, ""min_data_in_leaf"": 20, ""num_leaves"": 31}"
vwap_full,2.322934,114,3125.74,-1344.6,39,3543.55,-1622.12,0.3846,"{""0"": 0.55, ""1"": 0.55, ""2"": 0.35}","{""bagging_fraction"": 0.85, ""feature_fraction"": 0.85, ""lambda_l2"": 0.0, ""learning_rate"": 0.02, ""min_data_in_leaf"": 40, ""num_leaves"": 15}"
baseline_only,2.296488,21,721.97,-313.38,2,-182.78,-182.78,0.0,"{""0"": 0.55, ""1"": 0.4, ""2"": 0.5}","{""bagging_fraction"": 0.85, ""feature_fraction"": 0.85, ""lambda_l2"": 0.0, ""learning_rate"": 0.05, ""min_data_in_leaf"": 80, ""num_leaves"": 7}"
vwap_distance_deviation,2.287004,51,1132.57,-494.22,18,5419.06,-434.22,0.5556,"{""0"": 0.5, ""1"": 0.5, ""2"": 0.4}","{""bagging_fraction"": 0.85, ""feature_fraction"": 0.85, ""lambda_l2"": 1.0, ""learning_rate"": 0.03, ""min_data_in_leaf"": 20, ""num_leaves"": 31}"
vwap_no_side_flag,2.245189,39,1635.71,-727.54,12,5113.36,-611.5,0.6667,"{""0"": 0.45, ""1"": 0.4, ""2"": 0.35}","{""bagging_fraction"": 0.85, ""feature_fraction"": 0.85, ""lambda_l2"": 1.0, ""learning_rate"": 0.03, ""min_data_in_leaf"": 80, ""num_leaves"": 15}"
vwap_full,2.238479,123,3065.53,-1368.47,38,4538.98,-1559.09,0.4211,"{""0"": 0.55, ""1"": 0.55, ""2"": 0.35}","{""bagging_fraction"": 0.85, ""feature_fraction"": 0.85, ""lambda_l2"": 1.0, ""learning_rate"": 0.02, ""min_data_in_leaf"": 20, ""num_leaves"": 15}"
vwap_no_side_flag,2.212152,62,1233.12,-556.43,23,6181.06,-439.98,0.5652,"{""0"": 0.45, ""1"": 0.45, ""2"": 0.5}","{""bagging_fraction"": 0.85, ""feature_fraction"": 0.85, ""lambda_l2"": 0.0, ""learning_rate"": 0.02, ""min_data_in_leaf"": 20, ""num_leaves"": 31}"
vwap_distance_deviation,2.201736,66,2282.98,-1035.9,22,5700.14,-900.74,0.5,"{""0"": 0.5, ""1"": 0.5, ""2"": 0.4}","{""bagging_fraction"": 0.85, ""feature_fraction"": 0.85, ""lambda_l2"": 5.0, ""learning_rate"": 0.05, ""min_data_in_leaf"": 20, ""num_leaves"": 31}"
vwap_distance_deviation,2.177037,85,2271.02,-1042.17,29,3303.02,-2544.73,0.4483,"{""0"": 0.5, ""1"": 0.45, ""2"": 0.35}","{""bagging_fraction"": 0.85, ""feature_fraction"": 0.85, ""lambda_l2"": 0.0, ""learning_rate"": 0.05, ""min_data_in_leaf"": 20, ""num_leaves"": 7}"
vwap_full,2.171056,50,1485.35,-683.16,19,5260.85,-988.89,0.5263,"{""0"": 0.45, ""1"": 0.45, ""2"": 0.35}","{""bagging_fraction"": 0.85, ""feature_fraction"": 0.85, ""lambda_l2"": 5.0, ""learning_rate"": 0.03, ""min_data_in_leaf"": 80, ""num_leaves"": 15}"
vwap_full,2.135929,102,2573.73,-1203.97,36,3997.32,-1816.97,0.4444,"{""0"": 0.5, ""1"": 0.45, ""2"": 0.35}","{""bagging_fraction"": 0.85, ""feature_fraction"": 0.85, ""lambda_l2"": 0.0, ""learning_rate"": 0.02, ""min_data_in_leaf"": 40, ""num_leaves"": 31}"
vwap_slope_deviation,2.083959,64,2323.26,-1113.83,24,4658.58,-1748.17,0.4583,"{""0"": 0.45, ""1"": 0.4, ""2"": 0.35}","{""bagging_fraction"": 0.85, ""feature_fraction"": 0.85, ""lambda_l2"": 1.0, ""learning_rate"": 0.02, ""min_data_in_leaf"": 40, ""num_leaves"": 7}"
vwap_distance_deviation,2.062327,80,2130.26,-1031.94,26,5224.84,-1461.26,0.5385,"{""0"": 0.45, ""1"": 0.4, ""2"": 0.35}","{""bagging_fraction"": 0.85, ""feature_fraction"": 0.85, ""lambda_l2"": 1.0, ""learning_rate"": 0.02, ""min_data_in_leaf"": 40, ""num_leaves"": 7}"
vwap_full,2.048041,67,1972.98,-962.35,22,5230.28,-1442.37,0.5,"{""0"": 0.45, ""1"": 0.4, ""2"": 0.35}","{""bagging_fraction"": 0.85, ""feature_fraction"": 0.85, ""lambda_l2"": 1.0, ""learning_rate"": 0.02, ""min_data_in_leaf"": 40, ""num_leaves"": 7}"
vwap_no_side_flag,2.036246,46,1273.0,-624.17,13,3708.02,-474.14,0.6154,"{""0"": 0.45, ""1"": 0.45, ""2"": 0.4}","{""bagging_fraction"": 0.85, ""feature_fraction"": 0.85, ""lambda_l2"": 0.0, ""learning_rate"": 0.05, ""min_data_in_leaf"": 40, ""num_leaves"": 7}"
vwap_distance_deviation,2.032292,77,1835.2,-902.02,24,5525.02,-1120.46,0.5417,"{""0"": 0.45, ""1"": 0.4, ""2"": 0.35}","{""bagging_fraction"": 0.85, ""feature_fraction"": 0.85, ""lambda_l2"": 1.0, ""learning_rate"": 0.02, ""min_data_in_leaf"": 20, ""num_leaves"": 7}"
vwap_full,2.031027,101,1947.43,-957.84,35,5441.47,-900.74,0.4286,"{""0"": 0.55, ""1"": 0.55, ""2"": 0.4}","{""bagging_fraction"": 0.85, ""feature_fraction"": 0.85, ""lambda_l2"": 1.0, ""learning_rate"": 0.03, ""min_data_in_leaf"": 40, ""num_leaves"": 15}"
vwap_slope_deviation,2.027456,49,1283.42,-632.02,17,4150.21,-950.3,0.5294,"{""0"": 0.5, ""1"": 0.45, ""2"": 0.4}","{""bagging_fraction"": 0.85, ""feature_fraction"": 0.85, ""lambda_l2"": 0.0, ""learning_rate"": 0.02, ""min_data_in_leaf"": 40, ""num_leaves"": 31}"
vwap_distance_deviation,2.014833,37,1393.62,-690.68,11,4798.42,-368.31,0.7273,"{""0"": 0.45, ""1"": 0.45, ""2"": 0.4}","{""bagging_fraction"": 0.85, ""feature_fraction"": 0.85, ""lambda_l2"": 0.0, ""learning_rate"": 0.03, ""min_data_in_leaf"": 20, ""num_leaves"": 15}"
vwap_distance_deviation,1.989619,95,2734.99,-1373.63,29,5361.48,-994.64,0.4828,"{""0"": 0.45, ""1"": 0.4, ""2"": 0.35}","{""bagging_fraction"": 0.85, ""feature_fraction"": 0.85, ""lambda_l2"": 0.0, ""learning_rate"": 0.02, ""min_data_in_leaf"": 40, ""num_leaves"": 15}"
baseline_only,1.982155,25,645.35,-324.58,7,2730.83,-364.45,0.5714,"{""0"": 0.45, ""1"": 0.45, ""2"": 0.4}","{""bagging_fraction"": 0.85, ""feature_fraction"": 0.85, ""lambda_l2"": 1.0, ""learning_rate"": 0.02, ""min_data_in_leaf"": 80, ""num_leaves"": 31}"
vwap_full,1.961481,63,1794.5,-913.87,23,3073.25,-1610.29,0.3913,"{""0"": 0.45, ""1"": 0.4, ""2"": 0.35}","{""bagging_fraction"": 0.85, ""feature_fraction"": 0.85, ""lambda_l2"": 5.0, ""learning_rate"": 0.03, ""min_data_in_leaf"": 40, ""num_leaves"": 15}"
vwap_slope_deviation,1.958808,75,1885.47,-961.56,23,4272.68,-991.99,0.5217,"{""0"": 0.55, ""1"": 0.5, ""2"": 0.4}","{""bagging_fraction"": 0.85, ""feature_fraction"": 0.85, ""lambda_l2"": 0.0, ""learning_rate"": 0.03, ""min_data_in_leaf"": 40, ""num_leaves"": 31}"
vwap_full,1.940795,88,1576.1,-811.09,29,4553.27,-1008.49,0.4828,"{""0"": 0.45, ""1"": 0.4, ""2"": 0.35}","{""bagging_fraction"": 0.85, ""feature_fraction"": 0.85, ""lambda_l2"": 1.0, ""learning_rate"": 0.05, ""min_data_in_leaf"": 40, ""num_leaves"": 31}"
vwap_slope_deviation,1.927668,89,1722.41,-892.52,25,5544.68,-931.53,0.48,"{""0"": 0.55, ""1"": 0.5, ""2"": 0.5}","{""bagging_fraction"": 0.85, ""feature_fraction"": 0.85, ""lambda_l2"": 0.0, ""learning_rate"": 0.05, ""min_data_in_leaf"": 40, ""num_leaves"": 31}"
vwap_distance_deviation,1.921091,28,1161.53,-603.62,13,2445.05,-1107.1,0.4615,"{""0"": 0.45, ""1"": 0.4, ""2"": 0.35}","{""bagging_fraction"": 0.85, ""feature_fraction"": 0.85, ""lambda_l2"": 5.0, ""learning_rate"": 0.05, ""min_data_in_leaf"": 40, ""num_leaves"": 31}"
vwap_no_side_flag,1.896765,70,1981.74,-1043.8,23,5369.73,-1461.26,0.5217,"{""0"": 0.45, ""1"": 0.4, ""2"": 0.35}","{""bagging_fraction"": 0.85, ""feature_fraction"": 0.85, ""lambda_l2"": 1.0, ""learning_rate"": 0.02, ""min_data_in_leaf"": 40, ""num_leaves"": 7}"
vwap_no_side_flag,1.864321,34,758.76,-405.99,12,4817.15,-574.89,0.6667,"{""0"": 0.55, ""1"": 0.5, ""2"": 0.4}","{""bagging_fraction"": 0.85, ""feature_fraction"": 0.85, ""lambda_l2"": 0.0, ""learning_rate"": 0.03, ""min_data_in_leaf"": 20, ""num_leaves"": 15}"
vwap_no_side_flag,1.815476,35,1568.19,-862.79,12,4215.81,-342.01,0.75,"{""0"": 0.5, ""1"": 0.45, ""2"": 0.4}","{""bagging_fraction"": 0.85, ""feature_fraction"": 0.85, ""lambda_l2"": 0.0, ""learning_rate"": 0.05, ""min_data_in_leaf"": 20, ""num_leaves"": 7}"
vwap_distance_deviation,1.799523,26,891.16,-494.22,5,1397.28,-628.68,0.4,"{""0"": 0.45, ""1"": 0.4, ""2"": 0.35}","{""bagging_fraction"": 0.85, ""feature_fraction"": 0.85, ""lambda_l2"": 5.0, ""learning_rate"": 0.02, ""min_data_in_leaf"": 80, ""num_leaves"": 15}"
vwap_distance_deviation,1.797675,102,2016.92,-1120.96,29,3948.69,-2279.46,0.4828,"{""0"": 0.45, ""1"": 0.45, ""2"": 0.35}","{""bagging_fraction"": 0.85, ""feature_fraction"": 0.85, ""lambda_l2"": 0.0, ""learning_rate"": 0.02, ""min_data_in_leaf"": 20, ""num_leaves"": 7}"
vwap_full,1.78847,35,1158.66,-646.85,8,4626.52,-466.52,0.875,"{""0"": 0.45, ""1"": 0.4, ""2"": 0.35}","{""bagging_fraction"": 0.85, ""feature_fraction"": 0.85, ""lambda_l2"": 5.0, ""learning_rate"": 0.03, ""min_data_in_leaf"": 80, ""num_leaves"": 31}"
vwap_slope_deviation,1.74338,31,1277.2,-731.6,10,3415.46,-748.37,0.6,"{""0"": 0.45, ""1"": 0.4, ""2"": 0.35}","{""bagging_fraction"": 0.85, ""feature_fraction"": 0.85, ""lambda_l2"": 0.0, ""learning_rate"": 0.05, ""min_data_in_leaf"": 80, ""num_leaves"": 15}"
vwap_no_side_flag,1.735196,26,918.63,-528.41,6,1125.02,-477.93,0.6667,"{""0"": 0.45, ""1"": 0.4, ""2"": 0.35}","{""bagging_fraction"": 0.85, ""feature_fraction"": 0.85, ""lambda_l2"": 0.0, ""learning_rate"": 0.02, ""min_data_in_leaf"": 40, ""num_leaves"": 7}"
vwap_slope_deviation,1.728029,55,1644.41,-950.61,16,3825.92,-1012.26,0.5,"{""0"": 0.5, ""1"": 0.5, ""2"": 0.4}","{""bagging_fraction"": 0.85, ""feature_fraction"": 0.85, ""lambda_l2"": 0.0, ""learning_rate"": 0.05, ""min_data_in_leaf"": 40, ""num_leaves"": 15}"
vwap_no_side_flag,1.688523,53,1841.25,-1089.45,18,5371.24,-808.76,0.5556,"{""0"": 0.45, ""1"": 0.4, ""2"": 0.35}","{""bagging_fraction"": 0.85, ""feature_fraction"": 0.85, ""lambda_l2"": 1.0, ""learning_rate"": 0.05, ""min_data_in_leaf"": 80, ""num_leaves"": 31}"
vwap_slope_deviation,1.659509,80,1656.19,-997.0,27,5271.73,-1373.75,0.5185,"{""0"": 0.45, ""1"": 0.45, ""2"": 0.35}","{""bagging_fraction"": 0.85, ""feature_fraction"": 0.85, ""lambda_l2"": 1.0, ""learning_rate"": 0.03, ""min_data_in_leaf"": 20, ""num_leaves"": 7}"
vwap_full,1.610565,77,1861.91,-1155.06,24,4757.26,-1076.62,0.4583,"{""0"": 0.45, ""1"": 0.4, ""2"": 0.35}","{""bagging_fraction"": 0.85, ""feature_fraction"": 0.85, ""lambda_l2"": 1.0, ""learning_rate"": 0.03, ""min_data_in_leaf"": 80, ""num_leaves"": 31}"
vwap_full,1.594595,55,1210.68,-758.24,19,5433.02,-434.22,0.5789,"{""0"": 0.55, ""1"": 0.55, ""2"": 0.45}","{""bagging_fraction"": 0.85, ""feature_fraction"": 0.85, ""lambda_l2"": 1.0, ""learning_rate"": 0.03, ""min_data_in_leaf"": 20, ""num_leaves"": 31}"
vwap_full,1.573091,74,1619.56,-1028.54,23,4681.13,-1076.62,0.4348,"{""0"": 0.45, ""1"": 0.4, ""2"": 0.35}","{""bagging_fraction"": 0.85, ""feature_fraction"": 0.85, ""lambda_l2"": 0.0, ""learning_rate"": 0.03, ""min_data_in_leaf"": 80, ""num_leaves"": 15}"
vwap_full,1.571597,99,2022.19,-1285.71,30,5275.39,-2623.99,0.5,"{""0"": 0.45, ""1"": 0.4, ""2"": 0.35}","{""bagging_fraction"": 0.85, ""feature_fraction"": 0.85, ""lambda_l2"": 5.0, ""learning_rate"": 0.05, ""min_data_in_leaf"": 40, ""num_leaves"": 7}"
vwap_slope_deviation,1.544878,59,1636.86,-1058.54,19,5416.86,-821.79,0.5263,"{""0"": 0.45, ""1"": 0.4, ""2"": 0.35}","{""bagging_fraction"": 0.85, ""feature_fraction"": 0.85, ""lambda_l2"": 5.0, ""learning_rate"": 0.03, ""min_data_in_leaf"": 40, ""num_leaves"": 15}"
vwap_slope_deviation,1.497589,38,1251.46,-834.65,11,3283.63,-814.07,0.5455,"{""0"": 0.45, ""1"": 0.4, ""2"": 0.35}","{""bagging_fraction"": 0.85, ""feature_fraction"": 0.85, ""lambda_l2"": 1.0, ""learning_rate"": 0.02, ""min_data_in_leaf"": 80, ""num_leaves"": 31}"
vwap_no_side_flag,1.492875,64,1558.8,-1043.16,20,6009.19,-821.79,0.6,"{""0"": 0.45, ""1"": 0.4, ""2"": 0.35}","{""bagging_fraction"": 0.85, ""feature_fraction"": 0.85, ""lambda_l2"": 1.0, ""learning_rate"": 0.03, ""min_data_in_leaf"": 20, ""num_leaves"": 7}"
vwap_full,1.475603,65,1305.2,-883.52,22,2708.39,-2830.31,0.4091,"{""0"": 0.45, ""1"": 0.4, ""2"": 0.35}","{""bagging_fraction"": 0.85, ""feature_fraction"": 0.85, ""lambda_l2"": 0.0, ""learning_rate"": 0.03, ""min_data_in_leaf"": 80, ""num_leaves"": 7}"
vwap_slope_deviation,1.397458,22,1030.15,-736.16,4,617.76,-550.85,0.5,"{""0"": 0.45, ""1"": 0.4, ""2"": 0.35}","{""bagging_fraction"": 0.85, ""feature_fraction"": 0.85, ""lambda_l2"": 5.0, ""learning_rate"": 0.03, ""min_data_in_leaf"": 80, ""num_leaves"": 31}"
vwap_distance_deviation,1.371119,37,892.9,-650.22,13,4793.75,-609.5,0.6154,"{""0"": 0.5, ""1"": 0.45, ""2"": 0.4}","{""bagging_fraction"": 0.85, ""feature_fraction"": 0.85, ""lambda_l2"": 0.0, ""learning_rate"": 0.03, ""min_data_in_leaf"": 40, ""num_leaves"": 7}"
baseline_only,1.291423,75,1411.5,-1091.98,28,4963.97,-873.55,0.4643,"{""0"": 0.45, ""1"": 0.4, ""2"": 0.35}","{""bagging_fraction"": 0.85, ""feature_fraction"": 0.85, ""lambda_l2"": 1.0, ""learning_rate"": 0.05, ""min_data_in_leaf"": 80, ""num_leaves"": 7}"
baseline_only,1.282522,38,1091.76,-850.26,9,3636.56,-342.01,0.5556,"{""0"": 0.45, ""1"": 0.4, ""2"": 0.35}","{""bagging_fraction"": 0.85, ""feature_fraction"": 0.85, ""lambda_l2"": 1.0, ""learning_rate"": 0.05, ""min_data_in_leaf"": 80, ""num_leaves"": 31}"
vwap_slope_deviation,1.280683,60,1114.86,-869.52,16,3330.46,-943.12,0.5,"{""0"": 0.45, ""1"": 0.5, ""2"": 0.4}","{""bagging_fraction"": 0.85, ""feature_fraction"": 0.85, ""lambda_l2"": 1.0, ""learning_rate"": 0.05, ""min_data_in_leaf"": 40, ""num_leaves"": 15}"
vwap_slope_deviation,1.259786,39,1052.74,-834.65,11,2461.55,-547.56,0.5455,"{""0"": 0.45, ""1"": 0.4, ""2"": 0.35}","{""bagging_fraction"": 0.85, ""feature_fraction"": 0.85, ""lambda_l2"": 1.0, ""learning_rate"": 0.02, ""min_data_in_leaf"": 80, ""num_leaves"": 15}"
vwap_no_side_flag,1.245186,59,1498.32,-1202.29,21,4990.96,-900.74,0.5238,"{""0"": 0.45, ""1"": 0.45, ""2"": 0.35}","{""bagging_fraction"": 0.85, ""feature_fraction"": 0.85, ""lambda_l2"": 5.0, ""learning_rate"": 0.03, ""min_data_in_leaf"": 40, ""num_leaves"": 15}"
baseline_only,1.224548,35,845.44,-689.41,10,2205.34,-797.43,0.4,"{""0"": 0.45, ""1"": 0.45, ""2"": 0.4}","{""bagging_fraction"": 0.85, ""feature_fraction"": 0.85, ""lambda_l2"": 0.0, ""learning_rate"": 0.02, ""min_data_in_leaf"": 80, ""num_leaves"": 31}"
vwap_distance_deviation,1.220932,100,1771.56,-1449.99,34,4110.4,-2563.69,0.4118,"{""0"": 0.45, ""1"": 0.4, ""2"": 0.35}","{""bagging_fraction"": 0.85, ""feature_fraction"": 0.85, ""lambda_l2"": 1.0, ""learning_rate"": 0.05, ""min_data_in_leaf"": 20, ""num_leaves"": 7}"
vwap_full,1.181364,72,1317.02,-1113.83,23,5115.59,-1449.51,0.5217,"{""0"": 0.45, ""1"": 0.4, ""2"": 0.35}","{""bagging_fraction"": 0.85, ""feature_fraction"": 0.85, ""lambda_l2"": 1.0, ""learning_rate"": 0.03, ""min_data_in_leaf"": 20, ""num_leaves"": 7}"
vwap_no_side_flag,1.172987,33,1142.02,-972.6,12,4376.02,-1185.81,0.5,"{""0"": 0.45, ""1"": 0.4, ""2"": 0.35}","{""bagging_fraction"": 0.85, ""feature_fraction"": 0.85, ""lambda_l2"": 5.0, ""learning_rate"": 0.05, ""min_data_in_leaf"": 80, ""num_leaves"": 31}"
vwap_full,1.159931,40,656.73,-565.18,14,6451.99,-434.22,0.7143,"{""0"": 0.45, ""1"": 0.4, ""2"": 0.35}","{""bagging_fraction"": 0.85, ""feature_fraction"": 0.85, ""lambda_l2"": 1.0, ""learning_rate"": 0.03, ""min_data_in_leaf"": 20, ""num_leaves"": 15}"
vwap_distance_deviation,1.152198,67,1109.29,-961.76,21,5734.96,-434.22,0.5714,"{""0"": 0.45, ""1"": 0.4, ""2"": 0.35}","{""bagging_fraction"": 0.85, ""feature_fraction"": 0.85, ""lambda_l2"": 0.0, ""learning_rate"": 0.03, ""min_data_in_leaf"": 80, ""num_leaves"": 15}"
vwap_distance_deviation,1.152074,26,570.53,-494.22,6,930.76,-1095.19,0.3333,"{""0"": 0.45, ""1"": 0.4, ""2"": 0.35}","{""bagging_fraction"": 0.85, ""feature_fraction"": 0.85, ""lambda_l2"": 5.0, ""learning_rate"": 0.02, ""min_data_in_leaf"": 80, ""num_leaves"": 31}"
vwap_full,1.137884,102,1296.3,-1138.22,27,5319.18,-1363.54,0.5185,"{""0"": 0.45, ""1"": 0.4, ""2"": 0.35}","{""bagging_fraction"": 0.85, ""feature_fraction"": 0.85, ""lambda_l2"": 5.0, ""learning_rate"": 0.05, ""min_data_in_leaf"": 20, ""num_leaves"": 7}"
vwap_no_side_flag,1.135141,96,1502.37,-1322.51,29,5793.68,-1461.26,0.5172,"{""0"": 0.45, ""1"": 0.4, ""2"": 0.35}","{""bagging_fraction"": 0.85, ""feature_fraction"": 0.85, ""lambda_l2"": 5.0, ""learning_rate"": 0.05, ""min_data_in_leaf"": 20, ""num_leaves"": 7}"
vwap_slope_deviation,1.115648,58,1047.37,-937.8,17,5998.04,-477.93,0.6471,"{""0"": 0.45, ""1"": 0.45, ""2"": 0.35}","{""bagging_fraction"": 0.85, ""feature_fraction"": 0.85, ""lambda_l2"": 0.0, ""learning_rate"": 0.03, ""min_data_in_leaf"": 40, ""num_leaves"": 7}"
vwap_no_side_flag,1.09943,102,1714.22,-1558.19,29,5453.62,-1407.54,0.4483,"{""0"": 0.45, ""1"": 0.4, ""2"": 0.35}","{""bagging_fraction"": 0.85, ""feature_fraction"": 0.85, ""lambda_l2"": 5.0, ""learning_rate"": 0.05, ""min_data_in_leaf"": 80, ""num_leaves"": 7}"
vwap_no_side_flag,1.098631,30,1045.93,-951.03,10,5319.89,-305.8,0.9,"{""0"": 0.45, ""1"": 0.45, ""2"": 0.4}","{""bagging_fraction"": 0.85, ""feature_fraction"": 0.85, ""lambda_l2"": 1.0, ""learning_rate"": 0.05, ""min_data_in_leaf"": 20, ""num_leaves"": 7}"
vwap_full,1.076382,67,1330.44,-1235.03,25,3777.98,-1805.66,0.44,"{""0"": 0.45, ""1"": 0.45, ""2"": 0.35}","{""bagging_fraction"": 0.85, ""feature_fraction"": 0.85, ""lambda_l2"": 0.0, ""learning_rate"": 0.05, ""min_data_in_leaf"": 80, ""num_leaves"": 15}"
vwap_full,1.067587,23,777.78,-727.54,6,1392.03,-232.88,0.8333,"{""0"": 0.45, ""1"": 0.4, ""2"": 0.35}","{""bagging_fraction"": 0.85, ""feature_fraction"": 0.85, ""lambda_l2"": 0.0, ""learning_rate"": 0.02, ""min_data_in_leaf"": 20, ""num_leaves"": 7}"
vwap_slope_deviation,1.020364,56,933.5,-913.87,18,3286.04,-821.79,0.5556,"{""0"": 0.45, ""1"": 0.4, ""2"": 0.35}","{""bagging_fraction"": 0.85, ""feature_fraction"": 0.85, ""lambda_l2"": 0.0, ""learning_rate"": 0.02, ""min_data_in_leaf"": 20, ""num_leaves"": 7}"
vwap_slope_deviation,1.009216,113,1784.89,-1767.59,40,4811.89,-1799.4,0.425,"{""0"": 0.55, ""1"": 0.55, ""2"": 0.4}","{""bagging_fraction"": 0.85, ""feature_fraction"": 0.85, ""lambda_l2"": 0.0, ""learning_rate"": 0.05, ""min_data_in_leaf"": 20, ""num_leaves"": 15}"
baseline_only,0.94119,30,594.23,-630.36,11,3445.78,-434.22,0.5455,"{""0"": 0.45, ""1"": 0.45, ""2"": 0.4}","{""bagging_fraction"": 0.85, ""feature_fraction"": 0.85, ""lambda_l2"": 0.0, ""learning_rate"": 0.03, ""min_data_in_leaf"": 80, ""num_leaves"": 7}"
vwap_no_side_flag,0.929494,54,688.29,-739.5,20,4505.91,-1551.73,0.5,"{""0"": 0.5, ""1"": 0.5, ""2"": 0.4}","{""bagging_fraction"": 0.85, ""feature_fraction"": 0.85, ""lambda_l2"": 0.0, ""learning_rate"": 0.05, ""min_data_in_leaf"": 20, ""num_leaves"": 15}"
vwap_distance_deviation,0.903792,80,865.95,-957.13,29,4725.11,-1038.48,0.4483,"{""0"": 0.45, ""1"": 0.45, ""2"": 0.35}","{""bagging_fraction"": 0.85, ""feature_fraction"": 0.85, ""lambda_l2"": 1.0, ""learning_rate"": 0.03, ""min_data_in_leaf"": 40, ""num_leaves"": 31}"
baseline_only,0.792505,28,643.53,-811.02,11,2275.92,-461.4,0.3636,"{""0"": 0.45, ""1"": 0.45, ""2"": 0.4}","{""bagging_fraction"": 0.85, ""feature_fraction"": 0.85, ""lambda_l2"": 0.0, ""learning_rate"": 0.05, ""min_data_in_leaf"": 80, ""num_leaves"": 15}"
vwap_slope_deviation,0.72554,187,2117.78,-2917.9,61,5325.87,-1620.49,0.3934,"{""0"": 0.5, ""1"": 0.5, ""2"": 0.35}","{""bagging_fraction"": 0.85, ""feature_fraction"": 0.85, ""lambda_l2"": 1.0, ""learning_rate"": 0.05, ""min_data_in_leaf"": 40, ""num_leaves"": 31}"
baseline_only,0.711764,65,805.19,-1130.26,23,3940.33,-873.55,0.4348,"{""0"": 0.45, ""1"": 0.4, ""2"": 0.35}","{""bagging_fraction"": 0.85, ""feature_fraction"": 0.85, ""lambda_l2"": 5.0, ""learning_rate"": 0.05, ""min_data_in_leaf"": 80, ""num_leaves"": 7}"
baseline_only,0.629858,64,761.63,-1208.21,23,4323.9,-873.55,0.3913,"{""0"": 0.45, ""1"": 0.4, ""2"": 0.35}","{""bagging_fraction"": 0.85, ""feature_fraction"": 0.85, ""lambda_l2"": 5.0, ""learning_rate"": 0.05, ""min_data_in_leaf"": 80, ""num_leaves"": 31}"
vwap_full,0.477968,62,617.31,-1290.53,20,5360.83,-877.83,0.5,"{""0"": 0.45, ""1"": 0.4, ""2"": 0.35}","{""bagging_fraction"": 0.85, ""feature_fraction"": 0.85, ""lambda_l2"": 5.0, ""learning_rate"": 0.05, ""min_data_in_leaf"": 40, ""num_leaves"": 15}"
baseline_only,0.456546,23,223.0,-487.45,10,1959.34,-487.71,0.4,"{""0"": 0.45, ""1"": 0.4, ""2"": 0.4}","{""bagging_fraction"": 0.85, ""feature_fraction"": 0.85, ""lambda_l2"": 1.0, ""learning_rate"": 0.02, ""min_data_in_leaf"": 40, ""num_leaves"": 15}"
baseline_only,0.34872,20,279.75,-801.22,9,3515.9,-364.45,0.5556,"{""0"": 0.5, ""1"": 0.5, ""2"": 0.45}","{""bagging_fraction"": 0.85, ""feature_fraction"": 0.85, ""lambda_l2"": 0.0, ""learning_rate"": 0.05, ""min_data_in_leaf"": 80, ""num_leaves"": 31}"
baseline_only,0.269161,87,478.42,-1776.45,30,5866.42,-706.46,0.4333,"{""0"": 0.45, ""1"": 0.45, ""2"": 0.35}","{""bagging_fraction"": 0.85, ""feature_fraction"": 0.85, ""lambda_l2"": 1.0, ""learning_rate"": 0.05, ""min_data_in_leaf"": 80, ""num_leaves"": 15}"
baseline_only,0.244198,60,287.25,-1175.3,25,4157.25,-1025.4,0.44,"{""0"": 0.45, ""1"": 0.4, ""2"": 0.35}","{""bagging_fraction"": 0.85, ""feature_fraction"": 0.85, ""lambda_l2"": 5.0, ""learning_rate"": 0.05, ""min_data_in_leaf"": 40, ""num_leaves"": 7}"
baseline_only,0.182268,20,109.78,-601.3,8,2464.94,-630.34,0.5,"{""0"": 0.45, ""1"": 0.45, ""2"": 0.4}","{""bagging_fraction"": 0.85, ""feature_fraction"": 0.85, ""lambda_l2"": 5.0, ""learning_rate"": 0.02, ""min_data_in_leaf"": 40, ""num_leaves"": 31}"
baseline_only,0.163141,20,87.54,-535.59,9,2341.68,-753.6,0.4444,"{""0"": 0.5, ""1"": 0.45, ""2"": 0.45}","{""bagging_fraction"": 0.85, ""feature_fraction"": 0.85, ""lambda_l2"": 5.0, ""learning_rate"": 0.05, ""min_data_in_leaf"": 40, ""num_leaves"": 31}"
baseline_only,0.002417,24,2.11,-871.97,10,2240.94,-474.02,0.5,"{""0"": 0.45, ""1"": 0.4, ""2"": 0.35}","{""bagging_fraction"": 0.85, ""feature_fraction"": 0.85, ""lambda_l2"": 0.0, ""learning_rate"": 0.03, ""min_data_in_leaf"": 40, ""num_leaves"": 7}"
baseline_only,-0.005366,29,-4.35,-809.63,11,3080.55,-531.54,0.4545,"{""0"": 0.45, ""1"": 0.4, ""2"": 0.35}","{""bagging_fraction"": 0.85, ""feature_fraction"": 0.85, ""lambda_l2"": 1.0, ""learning_rate"": 0.03, ""min_data_in_leaf"": 20, ""num_leaves"": 15}"
baseline_only,-0.006262,25,-4.32,-688.86,10,2902.91,-727.29,0.5,"{""0"": 0.45, ""1"": 0.45, ""2"": 0.4}","{""bagging_fraction"": 0.85, ""feature_fraction"": 0.85, ""lambda_l2"": 5.0, ""learning_rate"": 0.02, ""min_data_in_leaf"": 20, ""num_leaves"": 31}"
baseline_only,-0.009459,49,-11.36,-1200.02,14,4467.24,-531.54,0.5714,"{""0"": 0.45, ""1"": 0.4, ""2"": 0.35}","{""bagging_fraction"": 0.85, ""feature_fraction"": 0.85, ""lambda_l2"": 5.0, ""learning_rate"": 0.02, ""min_data_in_leaf"": 80, ""num_leaves"": 7}"
baseline_only,-0.146486,35,-125.38,-854.92,18,3246.61,-1712.47,0.4444,"{""0"": 0.5, ""1"": 0.45, ""2"": 0.4}","{""bagging_fraction"": 0.85, ""feature_fraction"": 0.85, ""lambda_l2"": 0.0, ""learning_rate"": 0.05, ""min_data_in_leaf"": 20, ""num_leaves"": 15}"
baseline_only,-0.147457,51,-186.76,-1265.54,21,4499.38,-706.46,0.4286,"{""0"": 0.45, ""1"": 0.4, ""2"": 0.35}","{""bagging_fraction"": 0.85, ""feature_fraction"": 0.85, ""lambda_l2"": 5.0, ""learning_rate"": 0.05, ""min_data_in_leaf"": 80, ""num_leaves"": 15}"
baseline_only,-0.166268,34,-150.11,-901.82,12,3212.4,-609.5,0.5833,"{""0"": 0.45, ""1"": 0.4, ""2"": 0.35}","{""bagging_fraction"": 0.85, ""feature_fraction"": 0.85, ""lambda_l2"": 1.0, ""learning_rate"": 0.05, ""min_data_in_leaf"": 20, ""num_leaves"": 15}"
baseline_only,-0.200879,23,-170.1,-845.78,7,1299.9,-630.34,0.4286,"{""0"": 0.45, ""1"": 0.4, ""2"": 0.35}","{""bagging_fraction"": 0.85, ""feature_fraction"": 0.85, ""lambda_l2"": 0.0, ""learning_rate"": 0.03, ""min_data_in_leaf"": 20, ""num_leaves"": 15}"
baseline_only,-0.207862,50,-239.81,-1152.7,19,5818.78,-531.54,0.5789,"{""0"": 0.45, ""1"": 0.4, ""2"": 0.35}","{""bagging_fraction"": 0.85, ""feature_fraction"": 0.85, ""lambda_l2"": 1.0, ""learning_rate"": 0.02, ""min_data_in_leaf"": 80, ""num_leaves"": 7}"
baseline_only,-0.272758,46,-257.65,-943.61,16,5431.49,-531.54,0.625,"{""0"": 0.45, ""1"": 0.4, ""2"": 0.35}","{""bagging_fraction"": 0.85, ""feature_fraction"": 0.85, ""lambda_l2"": 5.0, ""learning_rate"": 0.02, ""min_data_in_leaf"": 20, ""num_leaves"": 7}"
baseline_only,-0.318804,20,-235.0,-736.13,10,2240.94,-474.02,0.5,"{""0"": 0.45, ""1"": 0.4, ""2"": 0.35}","{""bagging_fraction"": 0.85, ""feature_fraction"": 0.85, ""lambda_l2"": 1.0, ""learning_rate"": 0.03, ""min_data_in_leaf"": 40, ""num_leaves"": 7}"
baseline_only,-0.334316,69,-364.01,-1087.82,27,4536.57,-1860.57,0.4815,"{""0"": 0.45, ""1"": 0.4, ""2"": 0.35}","{""bagging_fraction"": 0.85, ""feature_fraction"": 0.85, ""lambda_l2"": 1.0, ""learning_rate"": 0.05, ""min_data_in_leaf"": 40, ""num_leaves"": 7}"
baseline_only,-0.405594,55,-464.15,-1143.37,23,5424.37,-776.6,0.4783,"{""0"": 0.45, ""1"": 0.4, ""2"": 0.35}","{""bagging_fraction"": 0.85, ""feature_fraction"": 0.85, ""lambda_l2"": 5.0, ""learning_rate"": 0.05, ""min_data_in_leaf"": 20, ""num_leaves"": 7}"
baseline_only,-0.589713,80,-1214.52,-2058.51,27,3697.56,-873.55,0.3704,"{""0"": 0.45, ""1"": 0.4, ""2"": 0.35}","{""bagging_fraction"": 0.85, ""feature_fraction"": 0.85, ""lambda_l2"": 5.0, ""learning_rate"": 0.02, ""min_data_in_leaf"": 80, ""num_leaves"": 15}"
baseline_only,-0.603838,69,-839.16,-1388.71,23,5551.0,-873.55,0.4783,"{""0"": 0.45, ""1"": 0.4, ""2"": 0.35}","{""bagging_fraction"": 0.85, ""feature_fraction"": 0.85, ""lambda_l2"": 5.0, ""learning_rate"": 0.02, ""min_data_in_leaf"": 40, ""num_leaves"": 15}"
baseline_only,-0.618469,41,-935.83,-1512.14,14,3155.21,-594.58,0.4286,"{""0"": 0.45, ""1"": 0.4, ""2"": 0.35}","{""bagging_fraction"": 0.85, ""feature_fraction"": 0.85, ""lambda_l2"": 1.0, ""learning_rate"": 0.03, ""min_data_in_leaf"": 40, ""num_leaves"": 15}"
baseline_only,-0.619525,57,-850.41,-1371.68,20,4575.24,-1148.66,0.5,"{""0"": 0.45, ""1"": 0.4, ""2"": 0.35}","{""bagging_fraction"": 0.85, ""feature_fraction"": 0.85, ""lambda_l2"": 0.0, ""learning_rate"": 0.05, ""min_data_in_leaf"": 40, ""num_leaves"": 15}"
baseline_only,-0.632308,46,-684.84,-1082.08,16,4065.08,-877.3,0.5,"{""0"": 0.45, ""1"": 0.4, ""2"": 0.35}","{""bagging_fraction"": 0.85, ""feature_fraction"": 0.85, ""lambda_l2"": 5.0, ""learning_rate"": 0.05, ""min_data_in_leaf"": 20, ""num_leaves"": 31}"
baseline_only,-0.687533,54,-963.53,-1400.43,21,5485.19,-776.6,0.5238,"{""0"": 0.45, ""1"": 0.4, ""2"": 0.35}","{""bagging_fraction"": 0.85, ""feature_fraction"": 0.85, ""lambda_l2"": 0.0, ""learning_rate"": 0.02, ""min_data_in_leaf"": 80, ""num_leaves"": 7}"
baseline_only,-0.744026,29,-937.45,-1258.97,14,3121.3,-628.5,0.4286,"{""0"": 0.45, ""1"": 0.45, ""2"": 0.4}","{""bagging_fraction"": 0.85, ""feature_fraction"": 0.85, ""lambda_l2"": 1.0, ""learning_rate"": 0.05, ""min_data_in_leaf"": 40, ""num_leaves"": 15}"
baseline_only,-0.783951,59,-849.56,-1082.69,26,4744.0,-903.61,0.5,"{""0"": 0.45, ""1"": 0.4, ""2"": 0.35}","{""bagging_fraction"": 0.85, ""feature_fraction"": 0.85, ""lambda_l2"": 0.0, ""learning_rate"": 0.05, ""min_data_in_leaf"": 40, ""num_leaves"": 7}"
baseline_only,-0.794482,29,-708.13,-890.31,9,921.09,-1005.57,0.3333,"{""0"": 0.45, ""1"": 0.4, ""2"": 0.35}","{""bagging_fraction"": 0.85, ""feature_fraction"": 0.85, ""lambda_l2"": 1.0, ""learning_rate"": 0.02, ""min_data_in_leaf"": 20, ""num_leaves"": 15}"
baseline_only,-0.857186,20,-857.46,-999.32,11,3785.53,-364.45,0.6364,"{""0"": 0.45, ""1"": 0.4, ""2"": 0.35}","{""bagging_fraction"": 0.85, ""feature_fraction"": 0.85, ""lambda_l2"": 1.0, ""learning_rate"": 0.03, ""min_data_in_leaf"": 20, ""num_leaves"": 7}"
baseline_only,-0.90934,51,-1149.86,-1263.5,16,4622.71,-654.8,0.5625,"{""0"": 0.45, ""1"": 0.4, ""2"": 0.35}","{""bagging_fraction"": 0.85, ""feature_fraction"": 0.85, ""lambda_l2"": 1.0, ""learning_rate"": 0.02, ""min_data_in_leaf"": 20, ""num_leaves"": 7}"
baseline_only,-0.958721,52,-1450.41,-1511.86,17,5308.23,-654.8,0.5882,"{""0"": 0.45, ""1"": 0.4, ""2"": 0.35}","{""bagging_fraction"": 0.85, ""feature_fraction"": 0.85, ""lambda_l2"": 0.0, ""learning_rate"": 0.02, ""min_data_in_leaf"": 40, ""num_leaves"": 7}"
baseline_only,-999999.0,10,510.96,-223.49,6,581.61,-487.71,0.3333,"{""0"": 0.45, ""1"": 0.4, ""2"": 0.4}","{""bagging_fraction"": 0.85, ""feature_fraction"": 0.85, ""lambda_l2"": 1.0, ""learning_rate"": 0.02, ""min_data_in_leaf"": 40, ""num_leaves"": 7}"
baseline_only,-999999.0,14,355.86,-465.76,6,581.61,-487.71,0.3333,"{""0"": 0.5, ""1"": 0.4, ""2"": 0.45}","{""bagging_fraction"": 0.85, ""feature_fraction"": 0.85, ""lambda_l2"": 0.0, ""learning_rate"": 0.02, ""min_data_in_leaf"": 20, ""num_leaves"": 15}"
baseline_only,-999999.0,13,478.2,-223.49,4,1803.4,-123.26,0.5,"{""0"": 0.55, ""1"": 0.45, ""2"": 0.5}","{""bagging_fraction"": 0.85, ""feature_fraction"": 0.85, ""lambda_l2"": 0.0, ""learning_rate"": 0.02, ""min_data_in_leaf"": 40, ""num_leaves"": 15}"
baseline_only,-999999.0,15,967.5,-223.49,7,2730.83,-364.45,0.5714,"{""0"": 0.45, ""1"": 0.45, ""2"": 0.4}","{""bagging_fraction"": 0.85, ""feature_fraction"": 0.85, ""lambda_l2"": 0.0, ""learning_rate"": 0.02, ""min_data_in_leaf"": 80, ""num_leaves"": 15}"
baseline_only,-999999.0,19,446.03,-396.18,5,1588.64,-364.45,0.6,"{""0"": 0.45, ""1"": 0.4, ""2"": 0.4}","{""bagging_fraction"": 0.85, ""feature_fraction"": 0.85, ""lambda_l2"": 1.0, ""learning_rate"": 0.02, ""min_data_in_leaf"": 80, ""num_leaves"": 15}"
baseline_only,-999999.0,17,494.11,-171.88,5,-487.51,-487.71,0.2,"{""0"": 0.5, ""1"": 0.4, ""2"": 0.5}","{""bagging_fraction"": 0.85, ""feature_fraction"": 0.85, ""lambda_l2"": 0.0, ""learning_rate"": 0.02, ""min_data_in_leaf"": 20, ""num_leaves"": 31}"
baseline_only,-999999.0,14,402.56,-312.92,7,1442.53,-487.71,0.4286,"{""0"": 0.5, ""1"": 0.45, ""2"": 0.45}","{""bagging_fraction"": 0.85, ""feature_fraction"": 0.85, ""lambda_l2"": 1.0, ""learning_rate"": 0.02, ""min_data_in_leaf"": 20, ""num_leaves"": 31}"
baseline_only,-999999.0,14,364.16,-312.92,7,1442.53,-487.71,0.4286,"{""0"": 0.5, ""1"": 0.45, ""2"": 0.45}","{""bagging_fraction"": 0.85, ""feature_fraction"": 0.85, ""lambda_l2"": 1.0, ""learning_rate"": 0.02, ""min_data_in_leaf"": 40, ""num_leaves"": 31}"
baseline_only,-999999.0,13,-351.25,-595.83,3,978.31,-123.26,0.6667,"{""0"": 0.45, ""1"": 0.4, ""2"": 0.45}","{""bagging_fraction"": 0.85, ""feature_fraction"": 0.85, ""lambda_l2"": 5.0, ""learning_rate"": 0.02, ""min_data_in_leaf"": 80, ""num_leaves"": 31}"
baseline_only,-999999.0,11,-409.82,-935.31,5,2581.29,0.0,1.0,"{""0"": 0.45, ""1"": 0.4, ""2"": 0.35}","{""bagging_fraction"": 0.85, ""feature_fraction"": 0.85, ""lambda_l2"": 0.0, ""learning_rate"": 0.03, ""min_data_in_leaf"": 20, ""num_leaves"": 7}"
baseline_only,-999999.0,19,228.15,-614.51,8,1230.82,-695.85,0.375,"{""0"": 0.45, ""1"": 0.4, ""2"": 0.4}","{""bagging_fraction"": 0.85, ""feature_fraction"": 0.85, ""lambda_l2"": 5.0, ""learning_rate"": 0.03, ""min_data_in_leaf"": 40, ""num_leaves"": 7}"
baseline_only,-999999.0,19,1769.59,-223.49,5,2056.3,-131.57,0.8,"{""0"": 0.45, ""1"": 0.45, ""2"": 0.4}","{""bagging_fraction"": 0.85, ""feature_fraction"": 0.85, ""lambda_l2"": 1.0, ""learning_rate"": 0.03, ""min_data_in_leaf"": 80, ""num_leaves"": 7}"
baseline_only,-999999.0,18,-115.12,-738.24,11,2281.27,-814.01,0.4545,"{""0"": 0.45, ""1"": 0.4, ""2"": 0.35}","{""bagging_fraction"": 0.85, ""feature_fraction"": 0.85, ""lambda_l2"": 5.0, ""learning_rate"": 0.03, ""min_data_in_leaf"": 20, ""num_leaves"": 15}"
baseline_only,-999999.0,12,174.52,-307.1,9,2082.6,-474.02,0.4444,"{""0"": 0.5, ""1"": 0.5, ""2"": 0.45}","{""bagging_fraction"": 0.85, ""feature_fraction"": 0.85, ""lambda_l2"": 0.0, ""learning_rate"": 0.03, ""min_data_in_leaf"": 40, ""num_leaves"": 15}"
baseline_only,-999999.0,10,304.31,-223.49,5,2825.81,-265.89,0.6,"{""0"": 0.45, ""1"": 0.45, ""2"": 0.45}","{""bagging_fraction"": 0.85, ""feature_fraction"": 0.85, ""lambda_l2"": 5.0, ""learning_rate"": 0.03, ""min_data_in_leaf"": 40, ""num_leaves"": 15}"
baseline_only,-999999.0,13,717.59,-234.01,7,1299.9,-630.34,0.4286,"{""0"": 0.55, ""1"": 0.55, ""2"": 0.5}","{""bagging_fraction"": 0.85, ""feature_fraction"": 0.85, ""lambda_l2"": 0.0, ""learning_rate"": 0.03, ""min_data_in_leaf"": 20, ""num_leaves"": 31}"
baseline_only,-999999.0,19,623.37,-298.42,11,2077.63,-1017.65,0.3636,"{""0"": 0.45, ""1"": 0.45, ""2"": 0.4}","{""bagging_fraction"": 0.85, ""feature_fraction"": 0.85, ""lambda_l2"": 1.0, ""learning_rate"": 0.03, ""min_data_in_leaf"": 20, ""num_leaves"": 31}"
baseline_only,-999999.0,11,345.57,-138.96,3,797.78,-123.26,0.6667,"{""0"": 0.45, ""1"": 0.45, ""2"": 0.5}","{""bagging_fraction"": 0.85, ""feature_fraction"": 0.85, ""lambda_l2"": 5.0, ""learning_rate"": 0.03, ""min_data_in_leaf"": 20, ""num_leaves"": 31}"
baseline_only,-999999.0,13,412.03,-223.49,9,2623.28,-472.0,0.5556,"{""0"": 0.5, ""1"": 0.5, ""2"": 0.45}","{""bagging_fraction"": 0.85, ""feature_fraction"": 0.85, ""lambda_l2"": 0.0, ""learning_rate"": 0.03, ""min_data_in_leaf"": 40, ""num_leaves"": 31}"
baseline_only,-999999.0,11,723.34,-223.49,7,1409.52,-520.72,0.4286,"{""0"": 0.55, ""1"": 0.5, ""2"": 0.5}","{""bagging_fraction"": 0.85, ""feature_fraction"": 0.85, ""lambda_l2"": 1.0, ""learning_rate"": 0.03, ""min_data_in_leaf"": 40, ""num_leaves"": 31}"
baseline_only,-999999.0,17,187.51,-487.45,8,2464.94,-630.34,0.5,"{""0"": 0.5, ""1"": 0.5, ""2"": 0.45}","{""bagging_fraction"": 0.85, ""feature_fraction"": 0.85, ""lambda_l2"": 5.0, ""learning_rate"": 0.03, ""min_data_in_leaf"": 40, ""num_leaves"": 31}"
baseline_only,-999999.0,14,646.86,-296.75,7,2730.83,-364.45,0.5714,"{""0"": 0.5, ""1"": 0.45, ""2"": 0.45}","{""bagging_fraction"": 0.85, ""feature_fraction"": 0.85, ""lambda_l2"": 5.0, ""learning_rate"": 0.03, ""min_data_in_leaf"": 80, ""num_leaves"": 31}"
baseline_only,-999999.0,12,418.66,-223.49,4,2100.68,-182.78,0.5,"{""0"": 0.5, ""1"": 0.4, ""2"": 0.45}","{""bagging_fraction"": 0.85, ""feature_fraction"": 0.85, ""lambda_l2"": 0.0, ""learning_rate"": 0.05, ""min_data_in_leaf"": 20, ""num_leaves"": 7}"
baseline_only,-999999.0,12,465.45,-192.24,2,-182.78,-182.78,0.0,"{""0"": 0.5, ""1"": 0.4, ""2"": 0.5}","{""bagging_fraction"": 0.85, ""feature_fraction"": 0.85, ""lambda_l2"": 1.0, ""learning_rate"": 0.05, ""min_data_in_leaf"": 20, ""num_leaves"": 7}"
baseline_only,-999999.0,17,-70.9,-586.01,7,729.43,-474.02,0.4286,"{""0"": 0.45, ""1"": 0.4, ""2"": 0.4}","{""bagging_fraction"": 0.85, ""feature_fraction"": 0.85, ""lambda_l2"": 5.0, ""learning_rate"": 0.05, ""min_data_in_leaf"": 20, ""num_leaves"": 15}"
baseline_only,-999999.0,16,-105.84,-487.45,9,2664.9,-265.89,0.5556,"{""0"": 0.45, ""1"": 0.4, ""2"": 0.4}","{""bagging_fraction"": 0.85, ""feature_fraction"": 0.85, ""lambda_l2"": 5.0, ""learning_rate"": 0.05, ""min_data_in_leaf"": 40, ""num_leaves"": 15}"
baseline_only,-999999.0,12,-83.89,-881.0,1,860.92,0.0,1.0,"{""0"": 0.55, ""1"": 0.5, ""2"": 0.45}","{""bagging_fraction"": 0.85, ""feature_fraction"": 0.85, ""lambda_l2"": 0.0, ""learning_rate"": 0.05, ""min_data_in_leaf"": 20, ""num_leaves"": 31}"
baseline_only,-999999.0,10,266.59,-277.79,2,-182.78,-182.78,0.0,"{""0"": 0.5, ""1"": 0.4, ""2"": 0.45}","{""bagging_fraction"": 0.85, ""feature_fraction"": 0.85, ""lambda_l2"": 1.0, ""learning_rate"": 0.05, ""min_data_in_leaf"": 20, ""num_leaves"": 31}"
baseline_only,-999999.0,13,234.91,-223.49,6,1395.52,-531.14,0.3333,"{""0"": 0.5, ""1"": 0.4, ""2"": 0.45}","{""bagging_fraction"": 0.85, ""feature_fraction"": 0.85, ""lambda_l2"": 0.0, ""learning_rate"": 0.05, ""min_data_in_leaf"": 40, ""num_leaves"": 31}"
baseline_only,-999999.0,12,172.62,-307.19,3,1826.25,-123.26,0.6667,"{""0"": 0.55, ""1"": 0.45, ""2"": 0.5}","{""bagging_fraction"": 0.85, ""feature_fraction"": 0.85, ""lambda_l2"": 1.0, ""learning_rate"": 0.05, ""min_data_in_leaf"": 40, ""num_leaves"": 31}"
vwap_full,-999999.0,13,1207.24,-328.64,1,860.92,0.0,1.0,"{""0"": 0.45, ""1"": 0.4, ""2"": 0.35}","{""bagging_fraction"": 0.85, ""feature_fraction"": 0.85, ""lambda_l2"": 0.0, ""learning_rate"": 0.02, ""min_data_in_leaf"": 80, ""num_leaves"": 15}"
vwap_full,-999999.0,15,1712.71,-617.51,3,2322.29,0.0,1.0,"{""0"": 0.45, ""1"": 0.4, ""2"": 0.35}","{""bagging_fraction"": 0.85, ""feature_fraction"": 0.85, ""lambda_l2"": 1.0, ""learning_rate"": 0.02, ""min_data_in_leaf"": 80, ""num_leaves"": 15}"
vwap_full,-999999.0,14,1169.08,-426.85,4,1123.9,-232.88,0.75,"{""0"": 0.45, ""1"": 0.4, ""2"": 0.35}","{""bagging_fraction"": 0.85, ""feature_fraction"": 0.85, ""lambda_l2"": 0.0, ""learning_rate"": 0.03, ""min_data_in_leaf"": 20, ""num_leaves"": 7}"
vwap_full,-999999.0,17,958.0,-494.22,7,327.52,-761.07,0.4286,"{""0"": 0.45, ""1"": 0.4, ""2"": 0.35}","{""bagging_fraction"": 0.85, ""feature_fraction"": 0.85, ""lambda_l2"": 1.0, ""learning_rate"": 0.03, ""min_data_in_leaf"": 40, ""num_leaves"": 7}"
vwap_full,-999999.0,11,719.84,-141.31,7,2208.98,-123.26,0.7143,"{""0"": 0.45, ""1"": 0.4, ""2"": 0.45}","{""bagging_fraction"": 0.85, ""feature_fraction"": 0.85, ""lambda_l2"": 0.0, ""learning_rate"": 0.05, ""min_data_in_leaf"": 20, ""num_leaves"": 7}"
vwap_full,-999999.0,17,496.77,-241.43,6,-361.64,-499.89,0.3333,"{""0"": 0.45, ""1"": 0.4, ""2"": 0.45}","{""bagging_fraction"": 0.85, ""feature_fraction"": 0.85, ""lambda_l2"": 0.0, ""learning_rate"": 0.05, ""min_data_in_leaf"": 40, ""num_leaves"": 7}"
vwap_full,-999999.0,15,783.57,-326.91,6,1521.63,-253.38,0.5,"{""0"": 0.45, ""1"": 0.5, ""2"": 0.5}","{""bagging_fraction"": 0.85, ""feature_fraction"": 0.85, ""lambda_l2"": 1.0, ""learning_rate"": 0.05, ""min_data_in_leaf"": 40, ""num_leaves"": 7}"
vwap_full,-999999.0,10,828.49,-296.58,7,2950.98,-211.71,0.7143,"{""0"": 0.5, ""1"": 0.45, ""2"": 0.45}","{""bagging_fraction"": 0.85, ""feature_fraction"": 0.85, ""lambda_l2"": 0.0, ""learning_rate"": 0.05, ""min_data_in_leaf"": 80, ""num_leaves"": 7}"
vwap_full,-999999.0,11,1210.45,-302.45,2,-181.71,-185.29,0.5,"{""0"": 0.45, ""1"": 0.45, ""2"": 0.45}","{""bagging_fraction"": 0.85, ""feature_fraction"": 0.85, ""lambda_l2"": 1.0, ""learning_rate"": 0.05, ""min_data_in_leaf"": 80, ""num_leaves"": 7}"
vwap_full,-999999.0,13,751.16,-296.58,5,3475.05,0.0,1.0,"{""0"": 0.45, ""1"": 0.4, ""2"": 0.35}","{""bagging_fraction"": 0.85, ""feature_fraction"": 0.85, ""lambda_l2"": 1.0, ""learning_rate"": 0.05, ""min_data_in_leaf"": 20, ""num_leaves"": 15}"
vwap_full,-999999.0,18,1750.31,-304.17,4,1899.32,-126.64,0.5,"{""0"": 0.5, ""1"": 0.45, ""2"": 0.45}","{""bagging_fraction"": 0.85, ""feature_fraction"": 0.85, ""lambda_l2"": 1.0, ""learning_rate"": 0.05, ""min_data_in_leaf"": 80, ""num_leaves"": 15}"
vwap_full,-999999.0,19,1016.83,-333.01,8,2717.02,-465.27,0.625,"{""0"": 0.55, ""1"": 0.5, ""2"": 0.5}","{""bagging_fraction"": 0.85, ""feature_fraction"": 0.85, ""lambda_l2"": 1.0, ""learning_rate"": 0.05, ""min_data_in_leaf"": 20, ""num_leaves"": 31}"
vwap_full,-999999.0,19,854.32,-363.17,4,57.65,-188.66,0.5,"{""0"": 0.45, ""1"": 0.45, ""2"": 0.5}","{""bagging_fraction"": 0.85, ""feature_fraction"": 0.85, ""lambda_l2"": 0.0, ""learning_rate"": 0.05, ""min_data_in_leaf"": 80, ""num_leaves"": 31}"
vwap_no_side_flag,-999999.0,19,830.87,-217.72,5,1611.16,-338.35,0.4,"{""0"": 0.45, ""1"": 0.4, ""2"": 0.45}","{""bagging_fraction"": 0.85, ""feature_fraction"": 0.85, ""lambda_l2"": 0.0, ""learning_rate"": 0.02, ""min_data_in_leaf"": 40, ""num_leaves"": 15}"
vwap_no_side_flag,-999999.0,14,1836.07,-338.44,1,860.92,0.0,1.0,"{""0"": 0.45, ""1"": 0.4, ""2"": 0.35}","{""bagging_fraction"": 0.85, ""feature_fraction"": 0.85, ""lambda_l2"": 0.0, ""learning_rate"": 0.02, ""min_data_in_leaf"": 80, ""num_leaves"": 15}"
vwap_no_side_flag,-999999.0,11,1998.75,-288.61,2,1127.42,0.0,1.0,"{""0"": 0.45, ""1"": 0.4, ""2"": 0.35}","{""bagging_fraction"": 0.85, ""feature_fraction"": 0.85, ""lambda_l2"": 1.0, ""learning_rate"": 0.02, ""min_data_in_leaf"": 80, ""num_leaves"": 15}"
vwap_no_side_flag,-999999.0,13,1845.87,-328.64,2,2325.05,0.0,1.0,"{""0"": 0.45, ""1"": 0.4, ""2"": 0.35}","{""bagging_fraction"": 0.85, ""feature_fraction"": 0.85, ""lambda_l2"": 1.0, ""learning_rate"": 0.02, ""min_data_in_leaf"": 80, ""num_leaves"": 31}"
vwap_no_side_flag,-999999.0,13,534.44,-494.22,2,-208.14,-211.71,0.5,"{""0"": 0.45, ""1"": 0.4, ""2"": 0.4}","{""bagging_fraction"": 0.85, ""feature_fraction"": 0.85, ""lambda_l2"": 0.0, ""learning_rate"": 0.03, ""min_data_in_leaf"": 40, ""num_leaves"": 7}"
vwap_no_side_flag,-999999.0,15,285.0,-403.72,3,1737.79,-211.71,0.6667,"{""0"": 0.45, ""1"": 0.4, ""2"": 0.35}","{""bagging_fraction"": 0.85, ""feature_fraction"": 0.85, ""lambda_l2"": 0.0, ""learning_rate"": 0.03, ""min_data_in_leaf"": 40, ""num_leaves"": 15}"
vwap_no_side_flag,-999999.0,12,928.57,-302.45,4,3057.51,0.0,1.0,"{""0"": 0.45, ""1"": 0.45, ""2"": 0.45}","{""bagging_fraction"": 0.85, ""feature_fraction"": 0.85, ""lambda_l2"": 1.0, ""learning_rate"": 0.05, ""min_data_in_leaf"": 80, ""num_leaves"": 7}"
vwap_no_side_flag,-999999.0,10,200.64,-292.92,4,1565.98,-245.05,0.75,"{""0"": 0.45, ""1"": 0.4, ""2"": 0.35}","{""bagging_fraction"": 0.85, ""feature_fraction"": 0.85, ""lambda_l2"": 5.0, ""learning_rate"": 0.05, ""min_data_in_leaf"": 20, ""num_leaves"": 15}"
vwap_no_side_flag,-999999.0,12,491.65,-158.11,2,3.42,-65.84,0.5,"{""0"": 0.45, ""1"": 0.5, ""2"": 0.55}","{""bagging_fraction"": 0.85, ""feature_fraction"": 0.85, ""lambda_l2"": 0.0, ""learning_rate"": 0.05, ""min_data_in_leaf"": 40, ""num_leaves"": 15}"
vwap_no_side_flag,-999999.0,17,1554.37,-328.64,6,2501.47,-245.05,0.6667,"{""0"": 0.45, ""1"": 0.4, ""2"": 0.4}","{""bagging_fraction"": 0.85, ""feature_fraction"": 0.85, ""lambda_l2"": 0.0, ""learning_rate"": 0.05, ""min_data_in_leaf"": 40, ""num_leaves"": 31}"
vwap_distance_deviation,-999999.0,15,1319.18,-261.84,3,1092.01,-65.84,0.6667,"{""0"": 0.45, ""1"": 0.45, ""2"": 0.45}","{""bagging_fraction"": 0.85, ""feature_fraction"": 0.85, ""lambda_l2"": 5.0, ""learning_rate"": 0.02, ""min_data_in_leaf"": 20, ""num_leaves"": 7}"
vwap_distance_deviation,-999999.0,13,1196.95,-296.58,5,1496.32,-453.19,0.6,"{""0"": 0.45, ""1"": 0.4, ""2"": 0.4}","{""bagging_fraction"": 0.85, ""feature_fraction"": 0.85, ""lambda_l2"": 5.0, ""learning_rate"": 0.02, ""min_data_in_leaf"": 40, ""num_leaves"": 7}"
vwap_distance_deviation,-999999.0,17,587.91,-261.42,3,11.62,-126.64,0.3333,"{""0"": 0.45, ""1"": 0.4, ""2"": 0.55}","{""bagging_fraction"": 0.85, ""feature_fraction"": 0.85, ""lambda_l2"": 0.0, ""learning_rate"": 0.02, ""min_data_in_leaf"": 20, ""num_leaves"": 15}"
vwap_distance_deviation,-999999.0,13,956.76,-76.38,7,2934.98,-123.26,0.7143,"{""0"": 0.45, ""1"": 0.5, ""2"": 0.55}","{""bagging_fraction"": 0.85, ""feature_fraction"": 0.85, ""lambda_l2"": 1.0, ""learning_rate"": 0.02, ""min_data_in_leaf"": 20, ""num_leaves"": 15}"
vwap_distance_deviation,-999999.0,10,819.92,-127.81,2,-126.64,-126.64,0.0,"{""0"": 0.45, ""1"": 0.4, ""2"": 0.5}","{""bagging_fraction"": 0.85, ""feature_fraction"": 0.85, ""lambda_l2"": 1.0, ""learning_rate"": 0.02, ""min_data_in_leaf"": 40, ""num_leaves"": 15}"
vwap_distance_deviation,-999999.0,15,745.63,-197.33,4,-242.66,-311.92,0.25,"{""0"": 0.45, ""1"": 0.45, ""2"": 0.55}","{""bagging_fraction"": 0.85, ""feature_fraction"": 0.85, ""lambda_l2"": 1.0, ""learning_rate"": 0.02, ""min_data_in_leaf"": 40, ""num_leaves"": 31}"
vwap_distance_deviation,-999999.0,12,781.2,-233.55,4,538.32,-255.37,0.25,"{""0"": 0.45, ""1"": 0.4, ""2"": 0.45}","{""bagging_fraction"": 0.85, ""feature_fraction"": 0.85, ""lambda_l2"": 0.0, ""learning_rate"": 0.05, ""min_data_in_leaf"": 40, ""num_leaves"": 7}"
vwap_distance_deviation,-999999.0,10,1013.07,-67.13,5,3592.25,-3.38,0.8,"{""0"": 0.45, ""1"": 0.45, ""2"": 0.55}","{""bagging_fraction"": 0.85, ""feature_fraction"": 0.85, ""lambda_l2"": 0.0, ""learning_rate"": 0.05, ""min_data_in_leaf"": 20, ""num_leaves"": 15}"
vwap_distance_deviation,-999999.0,11,585.49,-56.93,8,3462.7,-185.29,0.75,"{""0"": 0.45, ""1"": 0.5, ""2"": 0.55}","{""bagging_fraction"": 0.85, ""feature_fraction"": 0.85, ""lambda_l2"": 0.0, ""learning_rate"": 0.05, ""min_data_in_leaf"": 40, ""num_leaves"": 15}"
vwap_distance_deviation,-999999.0,12,491.81,-193.05,7,2709.58,-185.29,0.7143,"{""0"": 0.45, ""1"": 0.5, ""2"": 0.55}","{""bagging_fraction"": 0.85, ""feature_fraction"": 0.85, ""lambda_l2"": 1.0, ""learning_rate"": 0.05, ""min_data_in_leaf"": 40, ""num_leaves"": 15}"
vwap_distance_deviation,-999999.0,12,734.78,-86.13,5,48.02,-194.93,0.4,"{""0"": 0.45, ""1"": 0.45, ""2"": 0.55}","{""bagging_fraction"": 0.85, ""feature_fraction"": 0.85, ""lambda_l2"": 0.0, ""learning_rate"": 0.05, ""min_data_in_leaf"": 80, ""num_leaves"": 15}"
vwap_distance_deviation,-999999.0,12,473.7,-86.13,5,-76.48,-251.13,0.4,"{""0"": 0.45, ""1"": 0.5, ""2"": 0.55}","{""bagging_fraction"": 0.85, ""feature_fraction"": 0.85, ""lambda_l2"": 0.0, ""learning_rate"": 0.05, ""min_data_in_leaf"": 80, ""num_leaves"": 31}"
vwap_distance_deviation,-999999.0,17,1161.71,-328.64,4,1414.98,-96.95,0.75,"{""0"": 0.45, ""1"": 0.4, ""2"": 0.35}","{""bagging_fraction"": 0.85, ""feature_fraction"": 0.85, ""lambda_l2"": 1.0, ""learning_rate"": 0.05, ""min_data_in_leaf"": 80, ""num_leaves"": 31}"
vwap_slope_deviation,-999999.0,11,207.18,-317.85,4,2902.83,-211.71,0.75,"{""0"": 0.45, ""1"": 0.45, ""2"": 0.45}","{""bagging_fraction"": 0.85, ""feature_fraction"": 0.85, ""lambda_l2"": 0.0, ""learning_rate"": 0.02, ""min_data_in_leaf"": 40, ""num_leaves"": 15}"
vwap_slope_deviation,-999999.0,10,378.55,-140.73,4,872.53,-126.64,0.5,"{""0"": 0.5, ""1"": 0.4, ""2"": 0.5}","{""bagging_fraction"": 0.85, ""feature_fraction"": 0.85, ""lambda_l2"": 1.0, ""learning_rate"": 0.02, ""min_data_in_leaf"": 40, ""num_leaves"": 15}"
vwap_slope_deviation,-999999.0,12,524.07,-87.85,5,698.41,-231.77,0.4,"{""0"": 0.45, ""1"": 0.45, ""2"": 0.55}","{""bagging_fraction"": 0.85, ""feature_fraction"": 0.85, ""lambda_l2"": 0.0, ""learning_rate"": 0.02, ""min_data_in_leaf"": 20, ""num_leaves"": 31}"
vwap_slope_deviation,-999999.0,13,772.4,-121.14,4,872.53,-126.64,0.5,"{""0"": 0.45, ""1"": 0.4, ""2"": 0.5}","{""bagging_fraction"": 0.85, ""feature_fraction"": 0.85, ""lambda_l2"": 1.0, ""learning_rate"": 0.02, ""min_data_in_leaf"": 20, ""num_leaves"": 31}"
vwap_slope_deviation,-999999.0,10,262.41,-104.93,0,0.0,0.0,0.0,"{""0"": 0.45, ""1"": 0.5, ""2"": 0.55}","{""bagging_fraction"": 0.85, ""feature_fraction"": 0.85, ""lambda_l2"": 0.0, ""learning_rate"": 0.03, ""min_data_in_leaf"": 20, ""num_leaves"": 15}"
vwap_slope_deviation,-999999.0,12,1609.88,-328.64,4,2680.46,-245.05,0.75,"{""0"": 0.45, ""1"": 0.4, ""2"": 0.35}","{""bagging_fraction"": 0.85, ""feature_fraction"": 0.85, ""lambda_l2"": 0.0, ""learning_rate"": 0.03, ""min_data_in_leaf"": 80, ""num_leaves"": 15}"
vwap_slope_deviation,-999999.0,14,1309.77,-190.05,6,4002.16,-245.05,0.8333,"{""0"": 0.45, ""1"": 0.4, ""2"": 0.4}","{""bagging_fraction"": 0.85, ""feature_fraction"": 0.85, ""lambda_l2"": 1.0, ""learning_rate"": 0.03, ""min_data_in_leaf"": 20, ""num_leaves"": 31}"
vwap_slope_deviation,-999999.0,11,2132.1,-98.56,2,21.46,-245.05,0.5,"{""0"": 0.45, ""1"": 0.4, ""2"": 0.35}","{""bagging_fraction"": 0.85, ""feature_fraction"": 0.85, ""lambda_l2"": 1.0, ""learning_rate"": 0.05, ""min_data_in_leaf"": 80, ""num_leaves"": 31}"
