sessions,sides,dows,2024_now_events,2024_now_epd,2024_now_pnl,2024_now_avg,2024_now_wr,2026_events,2026_epd,2026_pnl,2026_avg,2026_wr,2026_apr_may_events,2026_apr_may_epd,2026_apr_may_pnl,2026_apr_may_avg,2026_apr_may_wr,score
0,Long,"1,3,4",695,2.932489451476793,-1860.997702248434,-2.6776945356092576,0.437410071942446,75,2.0833333333333335,527.1569638932324,7.0287595185764316,0.6,27,2.4545454545454546,282.3706296878513,10.45817146992042,0.6296296296296297,9694.178402673435
0,Long,"0,1,3,4",908,2.91025641025641,-2308.3305609359945,-2.5422142741585843,0.4460352422907489,100,2.1739130434782608,334.1215981524745,3.341215981524745,0.56,29,2.230769230769231,281.4642699295773,9.705664480330253,0.6206896551724138,7279.758233974339
"0,2",Long,"1,3,4",1458,4.072625698324022,-5546.4782787205695,-3.8041689154462066,0.43072702331961593,136,2.72,159.9109218074476,1.17581560152535,0.5367647058823529,45,2.6470588235294117,439.0728643488993,9.757174763308873,0.6444444444444445,6285.015400747908
"0,2",Long,"0,1,3,4",1965,4.189765458422174,-7399.829670018379,-3.7658166259635517,0.4366412213740458,187,2.876923076923077,-350.2323457524154,-1.8729002446653231,0.5026737967914439,54,2.5714285714285716,599.1923504035249,11.096154637102313,0.6481481481481481,5160.183376071366
0,"Long,Short","1,3,4",1413,4.694352159468439,-2860.011408859435,-2.024070353049848,0.462137296532201,182,3.5686274509803924,583.3664376838681,3.2053100971641104,0.5274725274725275,55,3.6666666666666665,249.30509729449733,4.532819950809042,0.5454545454545454,4826.389107612191
0,Long,"0,1,2,3,4",1103,2.9026315789473682,-3383.89387705062,-3.067900160517335,0.43608340888485947,121,2.0166666666666666,-15.652200701441934,-0.12935703059042922,0.5289256198347108,34,1.8888888888888888,271.66477119957733,7.990140329399333,0.6176470588235294,4322.236605502376
0,Long,"0,1,2,3,4,5,6",1103,2.9026315789473682,-3383.89387705062,-3.067900160517335,0.43608340888485947,121,2.0166666666666666,-15.652200701441934,-0.12935703059042922,0.5289256198347108,34,1.8888888888888888,271.66477119957733,7.990140329399333,0.6176470588235294,4322.236605502376
0,Long,"0,1,2,3,4",1103,2.9026315789473682,-3383.89387705062,-3.067900160517335,0.43608340888485947,121,2.0166666666666666,-15.652200701441934,-0.12935703059042922,0.5289256198347108,34,1.8888888888888888,271.66477119957733,7.990140329399333,0.6176470588235294,4322.236605502376
0,"Long,Short","0,1,3,4",1886,4.715,-3637.521071326048,-1.928696220215296,0.4740190880169671,233,3.6984126984126986,521.5011476975849,2.2382023506334114,0.5278969957081545,63,3.7058823529411766,249.44851118530536,3.9595001775445295,0.5396825396825397,3994.525178564513
2,Long,"0,1,3,4",1057,2.584352078239609,-5091.499109082384,-4.816933878034422,0.42857142857142855,87,1.8125,-684.3539439048902,-7.866137286263106,0.4367816091954023,25,1.6666666666666667,317.72808047394756,12.709123218957902,0.68,2213.731143153429
"0,2","Long,Short","1,3,4",3116,7.712871287128713,-10142.22406458724,-3.254885771690385,0.443196405648267,335,5.677966101694915,-207.15697125862857,-0.6183790186824734,0.49850746268656715,100,5.2631578947368425,360.26656705270034,3.6026656705270033,0.54,1825.386205242687
"0,2","Long,Short","0,1,3,4",4163,7.944656488549619,-13904.1038463191,-3.3399240562861157,0.44727360076867645,438,5.688311688311688,-792.7447649479705,-1.8099195546757316,0.4908675799086758,121,5.041666666666667,403.1461355508154,3.331786244221615,0.5289256198347108,572.9077831511943
0,Short,"0,1,3,4",978,2.919402985074627,-1329.190510390053,-1.3590905014213222,0.5,133,2.7142857142857144,187.37954954511054,1.4088687935722597,0.5037593984962406,34,2.2666666666666666,-32.015758744271935,-0.9416399630668216,0.47058823529411764,372.97032668142157
0,"Long,Short","0,1,2,3,4",2320,4.696356275303644,-5464.602174132555,-2.35543197160886,0.46120689655172414,291,3.5925925925925926,-17.766160082737827,-0.0610520965042537,0.5017182130584192,78,3.391304347826087,50.64579658435045,0.6493050844147493,0.48717948717948717,352.3290287490357
0,"Long,Short","0,1,2,3,4",2320,4.696356275303644,-5464.602174132555,-2.35543197160886,0.46120689655172414,291,3.5925925925925926,-17.766160082737827,-0.0610520965042537,0.5017182130584192,78,3.391304347826087,50.64579658435045,0.6493050844147493,0.48717948717948717,352.3290287490357
0,"Long,Short","0,1,2,3,4,5,6",2320,4.696356275303644,-5464.602174132555,-2.35543197160886,0.46120689655172414,291,3.5925925925925926,-17.766160082737827,-0.0610520965042537,0.5017182130584192,78,3.391304347826087,50.64579658435045,0.6493050844147493,0.48717948717948717,352.3290287490357
"0,1,2",Long,"1,3,4",2194,5.882037533512064,-8891.679077842684,-4.052725195005781,0.43163172288058343,204,3.849056603773585,-440.2287848934602,-2.1579842396738247,0.4803921568627451,67,3.9411764705882355,185.47246871781132,2.7682458017583778,0.5522388059701493,143.11069922553338
"0,1,2",Long,"0,1,3,4",2934,5.963414634146342,-11705.599913280328,-3.9896386889162674,0.4331970006816633,279,3.9857142857142858,-1061.4315569580115,-3.8044141826452025,0.46953405017921146,81,3.6818181818181817,393.34094268852874,4.856061020846034,0.5679012345679012,54.403276175197334
"0,1",Long,"1,3,4",1431,4.471875,-5206.198501370551,-3.6381540890080717,0.43535988819007687,143,2.9183673469387754,-72.98274280767527,-0.510368830822904,0.48951048951048953,49,3.2666666666666666,28.77023405676328,0.5871476338114955,0.5102040816326531,8.56200977176536
"0,2",Long,"0,1,2,3,4,5,6",2501,4.530797101449275,-10227.112398967747,-4.089209275876748,0.43502598960415834,251,3.1375,-1359.3051744250718,-5.415558463844907,0.46215139442231074,72,2.6666666666666665,472.14587578203714,6.557581608083849,0.6111111111111112,-80.07478863254528
"0,2",Long,"0,1,2,3,4",2437,4.430909090909091,-10043.607111168043,-4.121299594242118,0.4329093147312269,249,3.151898734177215,-1317.4858996462444,-5.291108030707809,0.46184738955823296,71,2.730769230769231,452.257283499478,6.369820894358845,0.6056338028169014,-99.7435425715098
"0,2",Long,"0,1,2,3,4",2437,4.430909090909091,-10043.607111168043,-4.121299594242118,0.4329093147312269,249,3.151898734177215,-1317.4858996462444,-5.291108030707809,0.46184738955823296,71,2.730769230769231,452.257283499478,6.369820894358845,0.6056338028169014,-99.7435425715098
0,Short,"1,3,4",718,2.8835341365461846,-999.0137066110011,-1.3913839924944305,0.4860724233983287,107,2.6097560975609757,56.209473790635755,0.5253221849592127,0.4766355140186916,28,2.1538461538461537,-33.06553239335399,-1.1809118711912139,0.4642857142857143,-321.1836679153958
"0,1",Long,"0,1,3,4",1877,4.42688679245283,-6614.100804197944,-3.523761749705884,0.4358018114011721,192,3.096774193548387,-377.07761305312124,-1.9639459013183398,0.484375,56,3.111111111111111,75.61286221458121,1.350229682403236,0.5178571428571429,-570.5164291888013
0,"Long,Short","0,1,2,3",1824,4.6177215189873415,-3796.886739263136,-2.081626501789,0.46655701754385964,219,3.421875,-193.5061945645093,-0.8835899295183073,0.4931506849315068,54,2.8421052631578947,-26.406485191085217,-0.4890089850200966,0.4444444444444444,-919.4153796203391
2,"Long,Short","1,3,4",1703,4.366666666666666,-7282.212655727806,-4.27610842966988,0.42748091603053434,153,2.9423076923076925,-790.5234089424966,-5.166819666290828,0.46405228758169936,45,3.0,110.96146975820308,2.4658104390711797,0.5333333333333333,-1974.5858179150164
"0,2",Short,"1,3,4",1658,4.493224932249323,-4595.745785866672,-2.7718611494973895,0.45416164053075997,199,3.9019607843137254,-367.06789306607595,-1.8445622767139496,0.4723618090452261,55,3.6666666666666665,-78.806297296199,-1.4328417690218,0.45454545454545453,-2123.979361878249
"0,2",Long,"0,1,2,3",2002,4.314655172413793,-8172.092764781205,-4.08196441797263,0.43756243756243757,200,2.898550724637681,-1365.7640941453144,-6.828820470726572,0.45,53,2.12,237.55651671948476,4.482198428669524,0.5849056603773585,-2182.7403400946114
"0,1","Long,Short","0,1,3,4",3804,8.21598272138229,-12493.048556615033,-3.284187317722143,0.44348054679284965,426,5.916666666666667,-825.4296802700923,-1.9376283574415312,0.48826291079812206,112,5.333333333333333,-70.326250474888,-0.6279129506686428,0.5089285714285714,-2213.6897100375113
"0,1","Long,Short","1,3,4",2839,8.205202312138729,-9425.206702366091,-3.3199037345424767,0.4431137724550898,323,5.872727272727273,-582.1178527274311,-1.8022224542644927,0.48297213622291024,95,5.588235294117647,-136.89115735537854,-1.4409595511092477,0.49473684210526314,-2409.045591447369
"0,2","Long,Short","0,1,2,3,4,5,6",5325,8.934563758389261,-18309.24951497865,-3.438356716427915,0.4446948356807512,582,6.395604395604396,-1667.4261153491714,-2.864993325342219,0.4725085910652921,165,5.892857142857143,74.29838758697812,0.4502932581028977,0.49696969696969695,-2763.3285675883644
0,Short,"0,1,2,3,4,5,6",1217,2.925480769230769,-2080.7082970819347,-1.7097027913573826,0.48397699260476584,170,2.6984126984126986,-2.1139593812959276,-0.012435055184093692,0.4823529411764706,44,2.3157894736842106,-221.0189746152269,-5.0231585139824295,0.38636363636363635,-2851.4392058873977
0,Short,"0,1,2,3,4",1217,2.925480769230769,-2080.7082970819347,-1.7097027913573826,0.48397699260476584,170,2.6984126984126986,-2.1139593812959276,-0.012435055184093692,0.4823529411764706,44,2.3157894736842106,-221.0189746152269,-5.0231585139824295,0.38636363636363635,-2851.4392058873977
0,Short,"0,1,2,3,4",1217,2.925480769230769,-2080.7082970819347,-1.7097027913573826,0.48397699260476584,170,2.6984126984126986,-2.1139593812959276,-0.012435055184093692,0.4823529411764706,44,2.3157894736842106,-221.0189746152269,-5.0231585139824295,0.38636363636363635,-2851.4392058873977
"0,2","Long,Short","0,1,2,3,4",5219,8.756711409395972,-17986.585708128274,-3.4463662977827694,0.4445296033722935,576,6.329670329670329,-1694.9994690787282,-2.9427074115950145,0.4704861111111111,161,5.75,56.19183294989076,0.3490175959620544,0.4906832298136646,-2907.556627470372
"0,2","Long,Short","0,1,2,3,4",5219,8.756711409395972,-17986.585708128274,-3.4463662977827694,0.4445296033722935,576,6.329670329670329,-1694.9994690787282,-2.9427074115950145,0.4704861111111111,161,5.75,56.19183294989076,0.3490175959620544,0.4906832298136646,-2907.556627470372
"0,1",Short,"0,1,3,4",1927,4.502336448598131,-5878.947752417089,-3.0508291398116705,0.4509600415153088,234,3.7142857142857144,-448.3520672169709,-1.9160344752862004,0.49145299145299143,56,3.2941176470588234,-145.93911268946923,-2.6060555837405217,0.5,-2928.305765764536
"0,1,2","Long,Short","1,3,4",4542,11.214814814814815,-16707.419358093895,-3.6784278639572645,0.4372523117569353,476,8.067796610169491,-1372.6412616699276,-2.8837001295586715,0.47689075630252103,140,7.368421052631579,-25.929687597175473,-0.1852120542655391,0.5071428571428571,-2945.991884977796
2,"Long,Short","0,1,3,4",2277,4.5089108910891085,-10266.582774993052,-4.50881983969831,0.4251207729468599,205,3.014705882352941,-1314.2459126455553,-6.410955671441734,0.44878048780487806,58,3.0526315789473686,153.69762436551005,2.649959040784656,0.5172413793103449,-2964.1977914258296
"0,2",Short,"0,1,3,4",2198,4.550724637681159,-6504.274176300721,-2.9591784241586536,0.456778889899909,251,3.746268656716418,-442.5124191955548,-1.762997686038067,0.4820717131474104,67,3.35,-196.04621485270948,-2.926062908249395,0.43283582089552236,-3081.11203861835
0,Short,"0,1,2,3",950,2.86144578313253,-1265.584756324809,-1.3321944803419041,0.48947368421052634,129,2.6875,-43.15807372828297,-0.334558711071961,0.4728682170542636,35,2.3333333333333335,-185.53782677066775,-5.301080764876222,0.34285714285714286,-3139.2845518583763
2,Short,"0,1,2,3,4,5,6",1607,3.1448140900195694,-6001.428818928967,-3.734554336607945,0.4299937772246422,161,2.4393939393939394,-306.00698154280394,-1.9006644816323226,0.4782608695652174,49,2.3333333333333335,-176.82851357983213,-3.608745175098615,0.42857142857142855,-3325.9545802780212
1,Short,"0,1,2,3",984,2.681198910081744,-3647.0774587151695,-3.706379531214603,0.42378048780487804,114,2.1923076923076925,-188.34897272455913,-1.6521839712680626,0.5175438596491229,26,1.625,-112.93096714032457,-4.34349873616633,0.5384615384615384,-3355.586777152242
"0,1,2","Long,Short","0,1,3,4",6081,11.560836501901141,-22759.631331608085,-3.7427448333511077,0.43660582141095217,631,8.08974358974359,-2139.6755929156475,-3.3909280394859707,0.4754358161648177,170,6.8,83.371373890622,0.4904198464154235,0.5117647058823529,-3464.872628614988
"0,2",Short,"0,1,2,3,4,5,6",2824,5.00709219858156,-8082.137116010902,-2.86194657082539,0.45325779036827196,331,3.9879518072289155,-308.12094092409967,-0.9308789756015096,0.48036253776435045,93,3.72,-397.8474881950591,-4.277929980592034,0.40860215053763443,-3509.2966513134597
2,Long,"0,1,2,3,4,5,6",1398,2.824242424242424,-6843.218521917128,-4.895006095791937,0.4341917024320458,130,2.0,-1343.65297372363,-10.335792105566386,0.4,38,1.9,200.4811045824598,5.275818541643679,0.6052631578947368,-3572.918098811293
"0,1",Short,"0,1,2,3",1934,4.445977011494253,-4912.662215039978,-2.540156264239906,0.4560496380558428,243,3.796875,-231.5070464528422,-0.9527038948676634,0.49382716049382713,61,3.210526315789474,-298.4687939109923,-4.892931047721185,0.4262295081967213,-3602.027708613755
2,Short,"1,3,4",940,2.8834355828220857,-3596.732079255672,-3.826310722612417,0.4297872340425532,92,2.3,-423.27736685671175,-4.600840944094693,0.4673913043478261,27,2.4545454545454546,-45.74076490284504,-1.6941024038090755,0.4444444444444444,-3639.3601881628633
2,Long,"0,1,2,3,4",1334,2.7224489795918365,-6659.713234117424,-4.992288781197469,0.4302848575712144,128,2.0,-1301.8336989448026,-10.17057577300627,0.3984375,37,1.9473684210526316,180.5925122999007,4.880878710808127,0.5945945945945946,-3675.793461594023
2,Long,"0,1,2,3,4",1334,2.7224489795918365,-6659.713234117424,-4.992288781197469,0.4302848575712144,128,2.0,-1301.8336989448026,-10.17057577300627,0.3984375,37,1.9473684210526316,180.5925122999007,4.880878710808127,0.5945945945945946,-3675.793461594023
2,Short,"0,1,2,3,4",1565,3.086785009861933,-5862.270299878292,-3.7458596165356495,0.4319488817891374,157,2.4153846153846152,-375.39961005118823,-2.3910803187973775,0.4713375796178344,46,2.3,-175.04647593436044,-3.8053581724860965,0.41304347826086957,-3736.1885695944657
2,Short,"0,1,2,3,4",1565,3.086785009861933,-5862.270299878292,-3.7458596165356495,0.4319488817891374,157,2.4153846153846152,-375.39961005118823,-2.3910803187973775,0.4713375796178344,46,2.3,-175.04647593436044,-3.8053581724860965,0.41304347826086957,-3736.1885695944657
"0,2",Short,"0,1,2,3,4",2782,4.932624113475177,-7942.978596960227,-2.855132493515538,0.4547088425593098,327,3.9397590361445785,-377.5135694324841,-1.1544757474999514,0.47706422018348627,90,3.6,-396.0654505495873,-4.400727228328748,0.4,-3749.2132331712146
"0,2",Short,"0,1,2,3,4",2782,4.932624113475177,-7942.978596960227,-2.855132493515538,0.4547088425593098,327,3.9397590361445785,-377.5135694324841,-1.1544757474999514,0.47706422018348627,90,3.6,-396.0654505495873,-4.400727228328748,0.4,-3749.2132331712146
"0,1",Short,"1,3,4",1408,4.46984126984127,-4219.00820099554,-2.9964546882070597,0.4509943181818182,180,3.75,-509.13510991975556,-2.8285283884430865,0.4777777777777778,46,3.5384615384615383,-165.66139141214174,-3.601334595916125,0.4782608695652174,-3972.5586892175743
"1,2",Long,"0,1,3,4",2026,4.274261603375527,-9397.269352344334,-4.638336304217342,0.42744323790720634,179,2.9344262295081966,-1395.5531551104862,-7.796386341399364,0.41899441340782123,52,2.888888888888889,111.87667275895143,2.1514744761336813,0.5384615384615384,-4050.194078604901
"0,1",Short,"0,1,2,3,4",2425,4.524253731343284,-6696.012458879406,-2.7612422510842913,0.45443298969072166,303,3.7875,-381.1602809170406,-1.257954722498484,0.49834983498349833,75,3.260869565217391,-397.6827803841006,-5.302437071788009,0.44,-4257.880348636438
"0,1",Short,"0,1,2,3,4",2425,4.524253731343284,-6696.012458879406,-2.7612422510842913,0.45443298969072166,303,3.7875,-381.1602809170406,-1.257954722498484,0.49834983498349833,75,3.260869565217391,-397.6827803841006,-5.302437071788009,0.44,-4257.880348636438
"0,1",Short,"0,1,2,3,4,5,6",2425,4.524253731343284,-6696.012458879406,-2.7612422510842913,0.45443298969072166,303,3.7875,-381.1602809170406,-1.257954722498484,0.49834983498349833,75,3.260869565217391,-397.6827803841006,-5.302437071788009,0.44,-4257.880348636438
2,"Long,Short","0,1,2,3,4,5,6",3005,5.172117039586919,-12844.647340846093,-4.274425071828983,0.4319467554076539,291,3.4642857142857144,-1649.6599552664336,-5.6689345541801845,0.44329896907216493,87,3.625,23.652591002627585,0.27186886209916766,0.5057471264367817,-4312.713914803001
"0,1,2",Short,"1,3,4",2348,6.195250659630607,-7815.740280251212,-3.328679846785014,0.4425042589437819,272,5.230769230769231,-932.4124767764674,-3.427987046972307,0.4742647058823529,73,4.866666666666666,-211.40215631498683,-2.8959199495203674,0.4657534246575342,-4411.469209495284
2,"Long,Short","0,1,2,3,4",2899,4.998275862068965,-12521.983533995714,-4.319414809932981,0.4311831666091756,285,3.433734939759036,-1677.2333089959907,-5.885029154371897,0.43859649122807015,83,3.608695652173913,5.546036365540271,0.06681971524747314,0.4939759036144578,-4578.018974009892
2,"Long,Short","0,1,2,3,4",2899,4.998275862068965,-12521.983533995714,-4.319414809932981,0.4311831666091756,285,3.433734939759036,-1677.2333089959907,-5.885029154371897,0.43859649122807015,83,3.608695652173913,5.546036365540271,0.06681971524747314,0.4939759036144578,-4578.018974009892
"1,2",Short,"0,1,2,3,4,5,6",2815,5.0088967971530245,-10616.732980726436,-3.7714859611816824,0.42770870337477795,294,3.8181818181818183,-685.0533030785489,-2.3301132757773773,0.4965986394557823,80,3.076923076923077,-353.492319348706,-4.418653991858825,0.4625,-4589.675415919709
"0,1,2",Short,"0,1,2,3,4,5,6",4032,6.975778546712803,-12697.441277808372,-3.1491669835834255,0.4446924603174603,464,5.395348837209302,-687.1672624598448,-1.4809639277151827,0.49137931034482757,124,4.769230769230769,-574.5112939639329,-4.63315559648333,0.43548387096774194,-4605.993965505
"0,1",Long,"0,1,2,3,4",2300,4.397705544933078,-9109.587463633132,-3.9606902015796224,0.4260869565217391,244,3.088607594936709,-1120.2965121398015,-4.5913791481139405,0.45081967213114754,75,3.125,-161.5299019497051,-2.153732025996068,0.48,-4735.146952119364
"0,1",Long,"0,1,2,3,4,5,6",2300,4.397705544933078,-9109.587463633132,-3.9606902015796224,0.4260869565217391,244,3.088607594936709,-1120.2965121398015,-4.5913791481139405,0.45081967213114754,75,3.125,-161.5299019497051,-2.153732025996068,0.48,-4735.146952119364
"0,1",Long,"0,1,2,3,4",2300,4.397705544933078,-9109.587463633132,-3.9606902015796224,0.4260869565217391,244,3.088607594936709,-1120.2965121398015,-4.5913791481139405,0.45081967213114754,75,3.125,-161.5299019497051,-2.153732025996068,0.48,-4735.146952119364
"0,1,2",Short,"0,1,2,3,4",3990,6.903114186851211,-12558.282758757698,-3.1474392879091972,0.4456140350877193,460,5.348837209302325,-756.5598909682292,-1.6446954151483244,0.4891304347826087,121,4.653846153846154,-572.7292563184612,-4.733299638995548,0.4297520661157025,-4804.651302517857
"0,1,2",Short,"0,1,2,3,4",3990,6.903114186851211,-12558.282758757698,-3.1474392879091972,0.4456140350877193,460,5.348837209302325,-756.5598909682292,-1.6446954151483244,0.4891304347826087,121,4.653846153846154,-572.7292563184612,-4.733299638995548,0.4297520661157025,-4804.651302517857
"0,1,2",Short,"0,1,3,4",3147,6.344758064516129,-11054.031418327757,-3.512561620059662,0.4397839211947887,352,5.0285714285714285,-1078.2440359576367,-3.0631932839705587,0.48011363636363635,89,4.238095238095238,-309.96956879790696,-3.482804143796707,0.4606741573033708,-4816.19710303813
"1,2",Short,"0,1,2,3,4",2773,4.951785714285714,-10477.574461675762,-3.77842569840453,0.428777497295348,290,3.8157894736842106,-754.4459315869333,-2.601537695127356,0.49310344827586206,77,3.08,-351.7102817032343,-4.5676659961459,0.45454545454545453,-4866.613199778412
"1,2",Short,"0,1,2,3,4",2773,4.951785714285714,-10477.574461675762,-3.77842569840453,0.428777497295348,290,3.8157894736842106,-754.4459315869333,-2.601537695127356,0.49310344827586206,77,3.08,-351.7102817032343,-4.5676659961459,0.45454545454545453,-4866.613199778412
"0,2","Long,Short","0,1,2,3",4255,8.166986564299425,-15028.949858919783,-3.5320681219552954,0.44300822561692127,461,5.7625,-1840.4864589793497,-3.9923784359638823,0.46203904555314534,129,4.777777777777778,-201.06765110343144,-1.5586639620421041,0.4573643410852713,-4917.609134637491
1,Short,"0,1,2,3,4",1208,2.7024608501118568,-4615.304161797471,-3.8206160279780392,0.4246688741721854,133,2.111111111111111,-379.04632153574494,-2.849972342374022,0.518796992481203,31,1.55,-176.66380576887377,-5.698832444157218,0.5161290322580645,-4918.444423454675
1,Short,"0,1,2,3,4",1208,2.7024608501118568,-4615.304161797471,-3.8206160279780392,0.4246688741721854,133,2.111111111111111,-379.04632153574494,-2.849972342374022,0.518796992481203,31,1.55,-176.66380576887377,-5.698832444157218,0.5161290322580645,-4918.444423454675
1,Short,"0,1,2,3,4,5,6",1208,2.7024608501118568,-4615.304161797471,-3.8206160279780392,0.4246688741721854,133,2.111111111111111,-379.04632153574494,-2.849972342374022,0.518796992481203,31,1.55,-176.66380576887377,-5.698832444157218,0.5161290322580645,-4918.444423454675
"0,2",Short,"0,1,2,3",2253,4.69375,-6856.857094138577,-3.043434129666479,0.4478473146915224,261,3.838235294117647,-474.72236483403555,-1.8188596353794466,0.47126436781609193,76,3.619047619047619,-438.6241678229164,-5.771370629248899,0.3684210526315789,-4927.773748882583
"0,1,2",Short,"0,1,2,3",3237,6.592668024439918,-10503.934552853747,-3.2449597012214233,0.4405313561940068,375,5.28169014084507,-663.071337558595,-1.7681902334895867,0.48533333333333334,102,4.636363636363637,-551.5551349632411,-5.407403283953345,0.4117647058823529,-5078.200798724923
"1,2",Short,"0,1,2,3",2287,4.814736842105263,-9238.349796528939,-4.039505813961058,0.42020113686051597,246,3.967741935483871,-619.9132638303118,-2.5199726171963897,0.491869918699187,67,3.1904761904761907,-366.0173081925733,-5.462944898396616,0.44776119402985076,-5160.397983915675
"0,1",Long,"0,1,2,3",1810,4.309523809523809,-6781.30915885382,-3.7465796457755913,0.4325966850828729,186,3.0,-1004.4479908488707,-5.400258015316509,0.45698924731182794,52,2.736842105263158,-142.3136428377006,-2.736800823801935,0.4807692307692308,-5286.447874664644
"0,1","Long,Short","0,1,2,3",3744,8.086393088552915,-11693.971373893797,-3.1233897900357364,0.44471153846153844,429,5.958333333333333,-1235.9550373017128,-2.8810140729643656,0.47785547785547783,113,5.136363636363637,-440.7824367486929,-3.9007295287494945,0.45132743362831856,-5288.000493281682
2,Long,"0,1,2,3",1128,2.6985645933014353,-5640.790781842878,-5.000701047733047,0.43439716312056736,110,1.9298245614035088,-1215.4159733090883,-11.049236120991711,0.39090909090909093,34,1.8888888888888888,78.4251751399023,2.3066227982324206,0.5588235294117647,-5469.08487197888
"0,1,2",Long,"0,1,2,3,4,5,6",3698,6.364888123924269,-15952.805985550258,-4.3139010236750295,0.42915089237425635,374,4.348837209302325,-2463.9494858634316,-6.588100229581368,0.43315508021390375,113,4.185185185185185,38.95120263275468,0.3447009082544662,0.5221238938053098,-5527.22234257775
2,Short,"0,1,2,3",1303,3.0162037037037037,-5591.272337813769,-4.291076237769585,0.4174980813507291,132,2.5384615384615383,-431.5642911057527,-3.269426447770854,0.4696969696969697,41,2.411764705882353,-253.08634105224866,-6.172837586640211,0.3902439024390244,-5532.325819889658
"0,1,2",Long,"0,1,2,3,4",3634,6.25473321858864,-15769.300697750554,-4.339378287768452,0.42762795817281235,372,4.325581395348837,-2422.130211084604,-6.511102717969366,0.4327956989247312,112,4.148148148148148,19.06261035019557,0.17020187812674617,0.5178571428571429,-5563.98671548062
"0,1,2",Long,"0,1,2,3,4",3634,6.25473321858864,-15769.300697750554,-4.339378287768452,0.42762795817281235,372,4.325581395348837,-2422.130211084604,-6.511102717969366,0.4327956989247312,112,4.148148148148148,19.06261035019557,0.17020187812674617,0.5178571428571429,-5563.98671548062
"0,1","Long,Short","0,1,2,3,4",4725,8.203125,-15805.599922512538,-3.345100512701066,0.44063492063492066,547,6.0777777777777775,-1501.4567930568423,-2.7448935887693646,0.47714808043875684,150,5.555555555555555,-559.2126823338058,-3.7280845488920384,0.46,-5576.764885388253
"0,1","Long,Short","0,1,2,3,4,5,6",4725,8.203125,-15805.599922512538,-3.345100512701066,0.44063492063492066,547,6.0777777777777775,-1501.4567930568423,-2.7448935887693646,0.47714808043875684,150,5.555555555555555,-559.2126823338058,-3.7280845488920384,0.46,-5576.764885388253
"0,1","Long,Short","0,1,2,3,4",4725,8.203125,-15805.599922512538,-3.345100512701066,0.44063492063492066,547,6.0777777777777775,-1501.4567930568423,-2.7448935887693646,0.47714808043875684,150,5.555555555555555,-559.2126823338058,-3.7280845488920384,0.46,-5576.764885388253
2,Short,"0,1,3,4",1220,2.850467289719626,-5175.083665910668,-4.241871857303826,0.42213114754098363,118,2.185185185185185,-629.8919687406656,-5.338067531700555,0.4576271186440678,33,2.0625,-164.0304561084376,-4.9706198820738665,0.3939393939393939,-6030.281359790533
"1,2",Long,"1,3,4",1499,4.163888888888889,-7030.681375594251,-4.690247748895431,0.42895263509006004,129,2.8666666666666667,-967.3857487866927,-7.499114331679788,0.4108527131782946,40,2.857142857142857,-96.89816097003998,-2.4224540242509995,0.5,-6073.517168207146
"1,2",Short,"1,3,4",1630,4.44141689373297,-6816.7265736402105,-4.182040842724056,0.4233128834355828,165,3.5869565217391304,-988.6219505671031,-5.99164818525517,0.4727272727272727,45,3.0,-178.33662392163282,-3.963036087147396,0.4666666666666667,-6233.4690226508355
"0,1,2",Long,"0,1,2,3",2938,6.008179959100205,-12422.099940696698,-4.228080306567971,0.433287950987066,296,4.0,-2219.863964157959,-7.499540419452564,0.43243243243243246,86,3.3076923076923075,-63.88846769779838,-0.7428891592767254,0.5116279069767442,-6436.911455069301
2,"Long,Short","0,1,2,3",2431,4.785433070866142,-11232.063119656646,-4.620346820097345,0.4253393665158371,242,3.315068493150685,-1646.9802644148406,-6.805703571962151,0.43388429752066116,75,3.409090909090909,-174.66116591234638,-2.3288155454979518,0.4666666666666667,-6476.231572013411
1,Short,"0,1,3,4",949,2.6582633053221287,-4549.757242027035,-4.794264743969479,0.40042149631190727,101,2.061224489795918,-635.7316167620816,-6.2943724431889265,0.4752475247524752,22,1.5714285714285714,-113.92335394519735,-5.178334270236243,0.5454545454545454,-6542.970004392462
"0,1,2","Long,Short","0,1,2,3,4,5,6",7730,12.926421404682275,-28650.24726335863,-3.7063709266958123,0.4372574385510996,838,9.108695652173912,-3151.1167483232766,-3.760282515898898,0.46539379474940334,237,8.172413793103448,-535.5600913311781,-2.2597472208066587,0.4767932489451477,-6964.471753672822
"1,2","Long,Short","0,1,3,4",4195,8.03639846743295,-19122.110260282036,-4.5583099547752175,0.4197854588796186,398,5.378378378378378,-2661.1767406132326,-6.6863737201337505,0.44472361809045224,107,4.863636363636363,-166.07713729468355,-1.5521227784549865,0.4953271028037383,-7029.540695849627
"1,2",Short,"0,1,3,4",2169,4.528183716075157,-9724.840907937702,-4.483559662488567,0.4126325495620101,219,3.532258064516129,-1265.623585502747,-5.7791031301495295,0.4657534246575342,55,2.75,-277.9538100536349,-5.053705637338817,0.45454545454545453,-7098.958684327373
"0,1,2","Long,Short","0,1,2,3,4",7624,12.749163879598662,-28327.583456508255,-3.7155802015357104,0.4370409233997901,832,9.043478260869565,-3178.690102052833,-3.8205409880442707,0.4639423076923077,233,8.03448275862069,-553.6666459682655,-2.376251699434616,0.4721030042918455,-7107.5864147446755
"0,1,2","Long,Short","0,1,2,3,4",7624,12.749163879598662,-28327.583456508255,-3.7155802015357104,0.4370409233997901,832,9.043478260869565,-3178.690102052833,-3.8205409880442707,0.4639423076923077,233,8.03448275862069,-553.6666459682655,-2.376251699434616,0.4721030042918455,-7107.5864147446755
"1,2","Long,Short","1,3,4",3129,7.7835820895522385,-13847.40794923446,-4.4255058962078815,0.4260147011824864,294,5.25,-1956.0076993537955,-6.653087412768012,0.445578231292517,85,5.0,-275.2347848916728,-3.2380562928432095,0.4823529411764706,-7314.431729496916
"0,1,2","Long,Short","0,1,2,3",6175,11.806883365200765,-22926.034493550447,-3.71271813660736,0.43708502024291496,671,8.283950617283951,-2882.935301716554,-4.296475859488158,0.46199701937406856,188,6.714285714285714,-615.4436026610392,-3.2736361843672297,0.4574468085106383,-7591.156727635806
1,"Long,Short","0,1,2,3",1920,4.35374149659864,-7897.084634630663,-4.1130649138701365,0.4239583333333333,210,3.1818181818181817,-1042.448842737204,-4.964042108272399,0.46190476190476193,59,3.1052631578947367,-414.3759515576078,-7.02332121284081,0.4576271186440678,-7657.69443063022
1,"Long,Short","0,1,3,4",1918,4.3690205011389525,-8855.527485288985,-4.617063339566728,0.41345151199165797,193,3.015625,-1346.9308279676777,-6.978916207086413,0.44041450777202074,49,2.7222222222222223,-319.77476166019346,-6.526015544085581,0.46938775510204084,-8579.058846043965
1,Long,"0,1,3,4",969,2.73728813559322,-4305.77024326195,-4.443519342891589,0.4262125902992776,92,2.0444444444444443,-711.1992112055959,-7.7304262087564775,0.40217391304347827,27,2.4545454545454546,-205.85140771499618,-7.624126211666526,0.4074074074074074,-8697.25253298959
"1,2","Long,Short","0,1,2,3,4,5,6",5410,9.092436974789916,-23185.645089226076,-4.285701495235874,0.4269870609981516,547,6.146067415730337,-3133.3505882405384,-5.728246047971734,0.4460694698354662,159,5.888888888888889,-586.2058879155285,-3.6868294837454623,0.4716981132075472,-8720.197185972429
"1,2","Long,Short","0,1,2,3",4351,8.367307692307692,-19129.147754287307,-4.396494542470077,0.4247299471385888,452,5.794871794871795,-2689.4291071520447,-5.950064396354081,0.4469026548672566,134,5.36,-589.0371174699541,-4.3957993841041345,0.4626865671641791,-8745.916673586084
"1,2","Long,Short","0,1,2,3,4",5304,8.929292929292929,-22862.9812823757,-4.310516833027092,0.4264705882352941,541,6.1477272727272725,-3160.9239419700953,-5.842742961127717,0.4436229205175601,155,5.961538461538462,-604.3124425526158,-3.8987899519523603,0.4645161290322581,-8938.159062339058
"1,2","Long,Short","0,1,2,3,4",5304,8.929292929292929,-22862.9812823757,-4.310516833027092,0.4264705882352941,541,6.1477272727272725,-3160.9239419700953,-5.842742961127717,0.4436229205175601,155,5.961538461538462,-604.3124425526158,-3.8987899519523603,0.4645161290322581,-8938.159062339058
"1,2",Long,"0,1,2,3",2064,4.308977035490606,-9890.79795775837,-4.7920532741077375,0.42974806201550386,206,2.9855072463768115,-2069.515843321733,-10.04619341418317,0.3932038834951456,67,3.0454545454545454,-223.0198092773809,-3.3286538698116552,0.47761194029850745,-9091.469199235216
"1,2",Long,"0,1,2,3,4,5,6",2595,4.592920353982301,-12568.91210849964,-4.843511409826451,0.42620423892100195,253,3.2435897435897436,-2448.2972851619897,-9.677064368229209,0.38735177865612647,79,3.4347826086956523,-232.71356856682274,-2.945741374263579,0.4810126582278481,-9108.770509258618
"1,2",Long,"0,1,2,3,4",2531,4.48758865248227,-12385.406820699936,-4.893483532477257,0.42394310549190045,251,3.217948717948718,-2406.478010383162,-9.587561794355228,0.38645418326693226,78,3.391304347826087,-252.60216084938185,-3.2384892416587414,0.47435897435897434,-9198.40676966422
"1,2",Long,"0,1,2,3,4",2531,4.48758865248227,-12385.406820699936,-4.893483532477257,0.42394310549190045,251,3.217948717948718,-2406.478010383162,-9.587561794355228,0.38645418326693226,78,3.391304347826087,-252.60216084938185,-3.2384892416587414,0.47435897435897434,-9198.40676966422
1,"Long,Short","0,1,2,3,4,5,6",2405,4.380692167577413,-10340.997748379985,-4.299791163567561,0.4207900207900208,256,3.1219512195121952,-1483.6906329741048,-5.795666535055097,0.44921875,72,3.0,-609.8584789181563,-8.470256651641058,0.4305555555555556,-9531.439944699418
1,"Long,Short","0,1,2,3,4",2405,4.380692167577413,-10340.997748379985,-4.299791163567561,0.4207900207900208,256,3.1219512195121952,-1483.6906329741048,-5.795666535055097,0.44921875,72,3.0,-609.8584789181563,-8.470256651641058,0.4305555555555556,-9531.439944699418
1,"Long,Short","0,1,2,3,4",2405,4.380692167577413,-10340.997748379985,-4.299791163567561,0.4207900207900208,256,3.1219512195121952,-1483.6906329741048,-5.795666535055097,0.44921875,72,3.0,-609.8584789181563,-8.470256651641058,0.4305555555555556,-9531.439944699418
1,Long,"0,1,2,3",936,2.659090909090909,-4250.007175915493,-4.540605957174671,0.42414529914529914,96,2.1333333333333333,-854.0998700126449,-8.896873645965051,0.3958333333333333,33,2.5384615384615383,-301.4449844172831,-9.134696497493426,0.3939393939393939,-10322.052418367808
1,"Long,Short","1,3,4",1426,4.36085626911315,-6565.195293506656,-4.603923768237486,0.42426367461430575,141,2.9375,-1165.4842904112993,-8.265846031285811,0.425531914893617,40,2.6666666666666665,-386.1962546498758,-9.654906366246895,0.425,-10705.154871152467
1,Long,"1,3,4",736,2.756554307116105,-3345.200799122116,-4.545109781415919,0.43342391304347827,68,1.9428571428571428,-600.1397067009077,-8.825583922072171,0.36764705882352944,22,2.2,-253.6003956310882,-11.527290710504008,0.36363636363636365,-11156.97761643563
1,Long,"0,1,2,3,4,5,6",1197,2.739130434782609,-5725.693586582513,-4.78336974651839,0.41687552213868,123,2.1578947368421053,-1104.6443114383599,-8.98084806047447,0.37398373983739835,41,2.5625,-433.1946731492825,-10.565723735348353,0.36585365853658536,-11527.722219073694
1,Long,"0,1,2,3,4",1197,2.739130434782609,-5725.693586582513,-4.78336974651839,0.41687552213868,123,2.1578947368421053,-1104.6443114383599,-8.98084806047447,0.37398373983739835,41,2.5625,-433.1946731492825,-10.565723735348353,0.36585365853658536,-11527.722219073694
1,Long,"0,1,2,3,4",1197,2.739130434782609,-5725.693586582513,-4.78336974651839,0.41687552213868,123,2.1578947368421053,-1104.6443114383599,-8.98084806047447,0.37398373983739835,41,2.5625,-433.1946731492825,-10.565723735348353,0.36585365853658536,-11527.722219073694
